-- phpMyAdmin SQL Dump
-- version 4.7.9
-- https://www.phpmyadmin.net/
--
-- Servidor: 127.0.0.1
-- Tiempo de generación: 06-03-2019 a las 23:49:56
-- Versión del servidor: 10.1.31-MariaDB
-- Versión de PHP: 7.2.3

SET SQL_MODE = "NO_AUTO_VALUE_ON_ZERO";
SET AUTOCOMMIT = 0;
START TRANSACTION;
SET time_zone = "+00:00";


/*!40101 SET @OLD_CHARACTER_SET_CLIENT=@@CHARACTER_SET_CLIENT */;
/*!40101 SET @OLD_CHARACTER_SET_RESULTS=@@CHARACTER_SET_RESULTS */;
/*!40101 SET @OLD_COLLATION_CONNECTION=@@COLLATION_CONNECTION */;
/*!40101 SET NAMES utf8mb4 */;

--
-- Base de datos: `eapi`
--

-- --------------------------------------------------------

--
-- Estructura de tabla para la tabla `migrations`
--

CREATE TABLE `migrations` (
  `id` int(10) UNSIGNED NOT NULL,
  `migration` varchar(191) COLLATE utf8mb4_unicode_ci NOT NULL,
  `batch` int(11) NOT NULL
) ENGINE=InnoDB DEFAULT CHARSET=utf8mb4 COLLATE=utf8mb4_unicode_ci;

--
-- Volcado de datos para la tabla `migrations`
--

INSERT INTO `migrations` (`id`, `migration`, `batch`) VALUES
(1, '2014_10_12_000000_create_users_table', 1),
(2, '2014_10_12_100000_create_password_resets_table', 1),
(3, '2019_03_02_001730_create_products_table', 1),
(4, '2019_03_02_001802_create_reviews_table', 1);

-- --------------------------------------------------------

--
-- Estructura de tabla para la tabla `password_resets`
--

CREATE TABLE `password_resets` (
  `email` varchar(191) COLLATE utf8mb4_unicode_ci NOT NULL,
  `token` varchar(191) COLLATE utf8mb4_unicode_ci NOT NULL,
  `created_at` timestamp NULL DEFAULT NULL
) ENGINE=InnoDB DEFAULT CHARSET=utf8mb4 COLLATE=utf8mb4_unicode_ci;

-- --------------------------------------------------------

--
-- Estructura de tabla para la tabla `products`
--

CREATE TABLE `products` (
  `id` int(10) UNSIGNED NOT NULL,
  `name` varchar(191) COLLATE utf8mb4_unicode_ci NOT NULL,
  `detail` text COLLATE utf8mb4_unicode_ci NOT NULL,
  `price` int(11) NOT NULL,
  `stock` int(11) NOT NULL,
  `discount` int(11) NOT NULL,
  `created_at` timestamp NULL DEFAULT NULL,
  `updated_at` timestamp NULL DEFAULT NULL
) ENGINE=InnoDB DEFAULT CHARSET=utf8mb4 COLLATE=utf8mb4_unicode_ci;

--
-- Volcado de datos para la tabla `products`
--

INSERT INTO `products` (`id`, `name`, `detail`, `price`, `stock`, `discount`, `created_at`, `updated_at`) VALUES
(1, 'esse', 'Modi dolorem et aliquid quas molestiae aliquam. Qui dolorem molestiae vel dolorem.', 836, 9, 24, '2019-03-03 03:24:19', '2019-03-03 03:24:19'),
(2, 'voluptatem', 'Earum est corporis qui voluptatem enim. Libero magni perspiciatis hic sunt. Praesentium impedit vero et maxime inventore sed quas. Excepturi aperiam occaecati voluptatem et. Dolore quia tenetur nobis ut nisi.', 554, 3, 9, '2019-03-03 03:24:19', '2019-03-03 03:24:19'),
(3, 'rerum', 'Minus sunt omnis quaerat earum laborum. Repellendus sint sit suscipit impedit asperiores consequatur. Maxime consequuntur unde totam unde vel quis facere.', 776, 1, 6, '2019-03-03 03:24:19', '2019-03-03 03:24:19'),
(4, 'mollitia', 'Aut fugiat et voluptatibus laudantium quasi. Tenetur illum nostrum in quae. Odio quidem expedita est reiciendis. Magni dolor minima inventore qui qui ut porro.', 598, 5, 6, '2019-03-03 03:24:19', '2019-03-03 03:24:19'),
(5, 'rerum', 'Nisi animi ex amet eum voluptas esse. Sunt velit eveniet blanditiis expedita voluptatem aspernatur. Error quia saepe quas rerum nobis tenetur. Non ut aliquam deleniti.', 748, 7, 23, '2019-03-03 03:24:20', '2019-03-03 03:24:20'),
(6, 'rerum', 'Voluptatem eum tenetur eos aliquam nam nobis odio. Possimus doloribus impedit nesciunt tenetur et error. Quos incidunt et eos eos. Quisquam mollitia quae ea et rem deserunt rerum voluptatum. Aut voluptatum amet quidem et molestias et.', 976, 8, 9, '2019-03-03 03:24:20', '2019-03-03 03:24:20'),
(7, 'ut', 'Rerum recusandae quaerat necessitatibus vero quia et recusandae. Aut et est eligendi repellat rerum aliquam repellat voluptates. Quis eos nobis ducimus.', 565, 4, 26, '2019-03-03 03:24:20', '2019-03-03 03:24:20'),
(8, 'placeat', 'Est dolore sit nemo culpa. Qui magnam alias rerum quis aut at asperiores. Ullam ut quia non dolor.', 167, 7, 4, '2019-03-03 03:24:20', '2019-03-03 03:24:20'),
(9, 'totam', 'Minus corporis nisi aut tempora ullam odit. Impedit rerum harum quo. Vel ipsam dolor saepe voluptatibus. Qui illum voluptatum eveniet minus amet eius nisi.', 168, 2, 7, '2019-03-03 03:24:20', '2019-03-03 03:24:20'),
(10, 'sit', 'Blanditiis aspernatur magnam et vel natus quas dignissimos. Voluptatum est inventore magnam. Ut nam fugit omnis nesciunt placeat voluptas ut.', 560, 0, 4, '2019-03-03 03:24:20', '2019-03-03 03:24:20'),
(11, 'quo', 'Voluptas perspiciatis ut eaque fugiat voluptas architecto. Similique corporis dolor error maxime ipsum assumenda dolor. Nemo iste reiciendis distinctio rerum soluta illo rerum.', 431, 4, 7, '2019-03-03 03:24:20', '2019-03-03 03:24:20'),
(12, 'mollitia', 'Laboriosam temporibus consectetur doloremque assumenda aperiam. Inventore sed dignissimos porro nesciunt autem sequi. Reiciendis nisi vel voluptatem ex.', 152, 1, 29, '2019-03-03 03:24:20', '2019-03-03 03:24:20'),
(13, 'quaerat', 'Earum dignissimos quas earum aliquid sit. Dolores voluptatum non saepe consequuntur perferendis. Impedit deserunt nisi quas amet.', 621, 1, 4, '2019-03-03 03:24:20', '2019-03-03 03:24:20'),
(14, 'hic', 'Ut voluptatem qui facere dolorem. Reiciendis et sunt ut qui adipisci. Consectetur vero ullam voluptatibus et unde qui. Mollitia qui quia labore.', 123, 6, 10, '2019-03-03 03:24:20', '2019-03-03 03:24:20'),
(15, 'distinctio', 'Hic aut iste commodi eligendi impedit. Quia enim non nulla molestias. Explicabo odit veniam sit excepturi eos omnis aut.', 209, 3, 8, '2019-03-03 03:24:20', '2019-03-03 03:24:20'),
(16, 'blanditiis', 'Sapiente laudantium nulla eum sapiente earum soluta. Itaque delectus aut officiis et. Ut id excepturi atque autem recusandae ab.', 751, 0, 10, '2019-03-03 03:24:20', '2019-03-03 03:24:20'),
(17, 'in', 'Optio vero beatae blanditiis. Earum eos sit eveniet facere. Dignissimos qui ipsam molestiae optio praesentium reiciendis. Ea quam quisquam est enim sunt.', 982, 6, 4, '2019-03-03 03:24:20', '2019-03-03 03:24:20'),
(18, 'molestias', 'Alias placeat enim quaerat quae molestiae et dolor doloribus. Earum ad atque enim sapiente quo excepturi soluta. Ex aut commodi inventore optio blanditiis ut fuga. Nostrum iure doloribus dolorum et.', 839, 7, 8, '2019-03-03 03:24:20', '2019-03-03 03:24:20'),
(19, 'eius', 'Consequatur et incidunt magni autem eaque necessitatibus eveniet. Ipsam laborum aperiam debitis ducimus repellat cupiditate. Et sint tenetur assumenda earum nostrum totam adipisci. Fugit unde assumenda voluptatem in sit voluptas vero architecto.', 228, 1, 4, '2019-03-03 03:24:20', '2019-03-03 03:24:20'),
(20, 'eum', 'Accusamus deleniti eius doloremque enim. Rerum qui repellat ut. Ad aut eos ut qui sit.', 920, 1, 10, '2019-03-03 03:24:20', '2019-03-03 03:24:20'),
(21, 'doloribus', 'Dolores ut maiores et iste porro amet aut. Ut libero tenetur ad perspiciatis quisquam possimus. Iure assumenda est rerum et qui.', 894, 5, 11, '2019-03-03 03:24:20', '2019-03-03 03:24:20'),
(22, 'repellat', 'Sunt autem vel dolor vel animi maiores nisi ducimus. Ad quod repudiandae illum quo soluta labore. Veritatis voluptatem ea enim tempore id repellendus quisquam illum.', 221, 6, 4, '2019-03-03 03:24:20', '2019-03-03 03:24:20'),
(23, 'possimus', 'Quia voluptatem porro voluptates esse non vel quo. Cupiditate porro laudantium adipisci aut doloribus odit quidem. Quia dolorum facilis eum consequatur. Officiis sed quis deserunt delectus est.', 950, 9, 29, '2019-03-03 03:24:20', '2019-03-03 03:24:20'),
(24, 'temporibus', 'Corporis sequi ut necessitatibus reprehenderit. Ipsa dolores cumque assumenda in molestias quisquam reiciendis deleniti. Dicta aspernatur ipsa omnis voluptatum fugiat et aut et.', 664, 0, 11, '2019-03-03 03:24:20', '2019-03-03 03:24:20'),
(25, 'modi', 'Porro minima architecto corporis nisi dolores commodi. Iure ad commodi eum quia expedita.', 706, 3, 23, '2019-03-03 03:24:20', '2019-03-03 03:24:20'),
(26, 'eveniet', 'Omnis et suscipit rerum qui. Adipisci ducimus aperiam cumque voluptas. Sit et dolore incidunt dignissimos.', 529, 0, 28, '2019-03-03 03:24:20', '2019-03-03 03:24:20'),
(27, 'optio', 'Aut quisquam accusantium qui dolor. Totam maiores molestiae non optio reiciendis libero cumque. Sunt a consequatur velit. Sint consectetur minus consequatur sit natus laudantium.', 208, 4, 11, '2019-03-03 03:24:20', '2019-03-03 03:24:20'),
(28, 'debitis', 'Ut ad saepe reprehenderit architecto qui sed ut. Et molestias est suscipit ut. Libero eveniet architecto nam. Sed ut libero sapiente officiis minus ipsum.', 300, 5, 27, '2019-03-03 03:24:20', '2019-03-03 03:24:20'),
(29, 'sint', 'Ipsum quia ratione velit et sit. Explicabo et earum enim neque eos dolore quo dolore. Autem enim quo saepe consequuntur quis. Earum delectus ipsam a sint ab omnis.', 313, 2, 11, '2019-03-03 03:24:20', '2019-03-03 03:24:20'),
(30, 'ea', 'Deleniti vitae ad explicabo sequi. Cupiditate placeat quis est cupiditate. Eaque error unde quis quidem nihil atque. Consequatur eius et dolorem vero exercitationem est.', 835, 3, 7, '2019-03-03 03:24:20', '2019-03-03 03:24:20'),
(31, 'nam', 'Voluptatem sed itaque laudantium aut. Aut non voluptas et quam. Est error distinctio aspernatur beatae. Et voluptatem corrupti enim eum sit in eos.', 709, 0, 29, '2019-03-03 03:24:20', '2019-03-03 03:24:20'),
(32, 'sed', 'A perferendis sunt sequi aut. Iure expedita qui vel delectus. Aperiam voluptas sunt quos ratione quo et sed. Rerum iusto quo dolorum doloribus.', 251, 1, 15, '2019-03-03 03:24:20', '2019-03-03 03:24:20'),
(33, 'adipisci', 'Molestiae dignissimos fugiat dolores alias sapiente. Qui quia labore quia soluta excepturi molestiae nisi soluta. Reiciendis omnis in ipsum ratione non temporibus vitae.', 273, 7, 17, '2019-03-03 03:24:20', '2019-03-03 03:24:20'),
(34, 'omnis', 'Soluta perspiciatis sed corrupti doloremque error non ut vero. Quo non quo corrupti.', 218, 8, 29, '2019-03-03 03:24:21', '2019-03-03 03:24:21'),
(35, 'ullam', 'Vitae possimus et ut aut quo quidem magnam. Ipsam a in placeat non autem ipsam. Nihil necessitatibus possimus quis impedit at ut aperiam. Laborum excepturi id enim consequatur delectus eos dicta asperiores.', 243, 0, 24, '2019-03-03 03:24:21', '2019-03-03 03:24:21'),
(36, 'consequatur', 'Ratione architecto quis ea quae veniam nisi. Quidem enim dignissimos et. Dolores architecto non similique quidem est. Earum quaerat corporis libero voluptatem voluptas est non.', 725, 1, 22, '2019-03-03 03:24:21', '2019-03-03 03:24:21'),
(37, 'sint', 'Voluptas repellendus perferendis ratione distinctio voluptatem voluptas. Non laborum ut amet aperiam voluptatem enim ratione dignissimos.', 773, 9, 16, '2019-03-03 03:24:21', '2019-03-03 03:24:21'),
(38, 'alias', 'Aliquam impedit aut itaque velit in reprehenderit eaque pariatur. Voluptate iusto ut at voluptas. Laborum dolore dignissimos asperiores fugiat nisi quis hic.', 619, 1, 8, '2019-03-03 03:24:21', '2019-03-03 03:24:21'),
(39, 'eos', 'Cumque autem velit mollitia qui voluptas saepe quae. Et repudiandae ea fugit eum ipsam consequatur. Placeat omnis asperiores odio nostrum nesciunt tempora. Sit esse voluptas hic enim pariatur veniam.', 355, 9, 25, '2019-03-03 03:24:21', '2019-03-03 03:24:21'),
(40, 'illum', 'Laudantium est esse vel quia dolorem est laborum. Ipsum eos tempore sequi voluptates magni quia ut.', 863, 7, 13, '2019-03-03 03:24:21', '2019-03-03 03:24:21'),
(41, 'iste', 'Molestiae repellendus fugiat nobis aut omnis. Itaque quos eius quia rem eligendi dolor. Quae autem nemo fugit delectus. Sit quo voluptates maxime.', 824, 0, 23, '2019-03-03 03:24:21', '2019-03-03 03:24:21'),
(42, 'molestiae', 'Sint sint deserunt sequi hic. Ullam similique quas suscipit autem quia cum. Reprehenderit nihil rerum asperiores velit architecto doloremque tempora ab. Occaecati eligendi perspiciatis aliquid voluptatem aperiam.', 124, 7, 17, '2019-03-03 03:24:21', '2019-03-03 03:24:21'),
(43, 'qui', 'Animi qui est architecto aliquid. Voluptas consequatur officiis sed sit. Est rerum illo occaecati optio voluptatem ratione reiciendis non.', 912, 2, 12, '2019-03-03 03:24:21', '2019-03-03 03:24:21'),
(44, 'quia', 'Rerum dolores quod beatae animi corporis excepturi. Dolor molestiae aut voluptas deserunt delectus. Molestiae quisquam est vel debitis laboriosam accusantium optio.', 469, 1, 29, '2019-03-03 03:24:21', '2019-03-03 03:24:21'),
(45, 'cupiditate', 'Laboriosam repudiandae ipsa voluptatem quia. Sit ut consequatur enim ducimus magni. Sunt nemo laboriosam quae aut excepturi suscipit adipisci veritatis. Laborum perspiciatis itaque rerum impedit quos velit deserunt esse.', 414, 8, 14, '2019-03-03 03:24:21', '2019-03-03 03:24:21'),
(46, 'mollitia', 'Aut possimus et quis consequatur nihil. Recusandae qui reiciendis ex reprehenderit suscipit quisquam exercitationem. Voluptas harum distinctio vero.', 799, 3, 24, '2019-03-03 03:24:21', '2019-03-03 03:24:21'),
(47, 'modi', 'Illo quibusdam aliquam blanditiis velit. Hic sint tempore inventore porro sunt veniam. Voluptatem ea vero dolore voluptatem at numquam ea. Architecto tenetur ut ad accusantium eveniet et. Iste sit fuga necessitatibus harum.', 215, 4, 9, '2019-03-03 03:24:21', '2019-03-03 03:24:21'),
(48, 'enim', 'Consequuntur quia cupiditate eos quia voluptas dolorem a. Dolorem accusamus alias voluptates. Culpa doloribus et sed aliquid dolore quas. Enim sunt pariatur earum repudiandae facere explicabo quae. Velit tempora impedit in non sed.', 432, 5, 5, '2019-03-03 03:24:21', '2019-03-03 03:24:21'),
(49, 'necessitatibus', 'Suscipit et reiciendis est reprehenderit. Aut labore eaque suscipit et eos alias. Illum laborum maiores eaque modi incidunt similique molestiae a.', 610, 3, 8, '2019-03-03 03:24:21', '2019-03-03 03:24:21'),
(50, 'eos', 'Et asperiores sit similique doloribus. Non sed fugiat et saepe et. Voluptatum perspiciatis consectetur quasi deleniti aperiam omnis. Reiciendis neque tempore doloribus laborum hic quo cum.', 291, 0, 4, '2019-03-03 03:24:21', '2019-03-03 03:24:21'),
(51, 'nesciunt', 'Est et error minima earum sit dolores. Velit corporis incidunt laborum. Iste dolorem nihil quia quia sed laudantium assumenda.', 930, 1, 7, '2019-03-03 03:27:03', '2019-03-03 03:27:03'),
(52, 'cumque', 'Sunt dolor voluptatem architecto eveniet. Deserunt qui expedita est. Exercitationem eius repudiandae excepturi quo et.', 663, 2, 10, '2019-03-03 03:27:04', '2019-03-03 03:27:04'),
(53, 'fugiat', 'Quos quo non ut rem illum magni voluptatem fugit. Tempora sint minus quos eveniet quia debitis. Et autem similique sunt ex qui. Sint vitae quia autem aliquam assumenda et.', 610, 8, 6, '2019-03-03 03:27:04', '2019-03-03 03:27:04'),
(54, 'provident', 'Est quod aliquam corporis ut enim velit dolorum non. Velit est voluptas tenetur voluptatum consectetur. Libero aut ea provident.', 946, 2, 27, '2019-03-03 03:27:04', '2019-03-03 03:27:04'),
(55, 'non', 'Autem earum reprehenderit corporis nam consequuntur. Numquam asperiores nostrum natus facere. Et quia harum commodi est est.', 447, 1, 24, '2019-03-03 03:27:04', '2019-03-03 03:27:04'),
(56, 'tenetur', 'Dolores quos sed quia maiores aut nesciunt. Consectetur laboriosam et officiis ipsum perferendis et voluptatem harum. Quasi qui cumque saepe qui velit.', 954, 5, 28, '2019-03-03 03:27:04', '2019-03-03 03:27:04'),
(57, 'necessitatibus', 'Laborum temporibus rerum voluptates officiis. Est alias eius quam perferendis ab vel. Corporis aut modi tenetur quia voluptas quia sint.', 903, 9, 30, '2019-03-03 03:27:04', '2019-03-03 03:27:04'),
(58, 'repudiandae', 'Nesciunt ut dolorem et incidunt doloribus veniam et. Inventore eum ullam dolores nesciunt quidem. Adipisci recusandae qui illo qui. Debitis porro et fuga nulla asperiores reiciendis.', 392, 7, 5, '2019-03-03 03:27:04', '2019-03-03 03:27:04'),
(59, 'deleniti', 'Adipisci magnam dolorem dolores ullam delectus qui adipisci id. Voluptas veniam ipsa eveniet nihil. Voluptatum quas explicabo iste repellendus. Et nulla sit accusamus explicabo ut.', 654, 2, 19, '2019-03-03 03:27:04', '2019-03-03 03:27:04'),
(60, 'dolor', 'Voluptas ipsam quod assumenda animi explicabo inventore tempora. Alias hic qui dolore est. Similique harum nostrum aut doloremque mollitia voluptas.', 627, 5, 3, '2019-03-03 03:27:04', '2019-03-03 03:27:04'),
(61, 'rerum', 'Alias excepturi qui et velit qui voluptate ut qui. Ea dolorem illo nam dolores eos atque. Maxime cum ad id consequatur et pariatur.', 483, 2, 18, '2019-03-03 03:27:04', '2019-03-03 03:27:04'),
(62, 'dolor', 'Et qui voluptates magni nobis tempore perferendis eius saepe. Excepturi ab nobis quia quia quia praesentium itaque et. Consequuntur eligendi culpa dignissimos. Deleniti dolorem vero voluptatem a provident.', 268, 9, 29, '2019-03-03 03:27:04', '2019-03-03 03:27:04'),
(63, 'inventore', 'Earum et repellat nemo placeat. Omnis doloremque molestiae sint ut ratione. Earum dolorem ea ea autem qui sed. Eum numquam quia esse temporibus minima qui.', 215, 2, 25, '2019-03-03 03:27:04', '2019-03-03 03:27:04'),
(64, 'nesciunt', 'Exercitationem harum qui nemo tempora. Quia magni et amet non quas sequi quis. Dolorem distinctio expedita excepturi officia placeat ea. Illum delectus iusto ducimus recusandae consequuntur.', 469, 4, 10, '2019-03-03 03:27:04', '2019-03-03 03:27:04'),
(65, 'deserunt', 'Perspiciatis incidunt qui dolores dolores optio totam. Odit et minus magnam ex eius dolor. Consectetur quia deleniti odio qui.', 876, 5, 20, '2019-03-03 03:27:04', '2019-03-03 03:27:04'),
(66, 'et', 'Et ad consequatur excepturi voluptate. Recusandae eum pariatur id dicta sint. Iure occaecati iste tempora enim.', 526, 8, 26, '2019-03-03 03:27:04', '2019-03-03 03:27:04'),
(67, 'quia', 'Dolor ut rem fugit eligendi cumque. A ipsam cupiditate accusamus hic asperiores magnam. In voluptatem quia sunt et sed porro. Reprehenderit exercitationem natus numquam ut ipsa et ipsa.', 798, 4, 20, '2019-03-03 03:27:04', '2019-03-03 03:27:04'),
(68, 'quo', 'Et quos laudantium nemo eos facere temporibus vel. Cumque dolore voluptas aut eaque in qui cupiditate. Ducimus nulla voluptatum facere necessitatibus dolorem.', 277, 8, 8, '2019-03-03 03:27:04', '2019-03-03 03:27:04'),
(69, 'ut', 'Cum deserunt et pariatur voluptatem et officia excepturi. Sint aut doloribus non pariatur voluptatem ut earum doloremque. Quam et magni perferendis. Perspiciatis dignissimos non aut natus ut.', 227, 1, 30, '2019-03-03 03:27:04', '2019-03-03 03:27:04'),
(70, 'soluta', 'Suscipit sunt nihil cum dolorem fugit. Rerum molestiae doloremque ut vero dolor. Est deleniti et sunt consectetur eos molestias. Corrupti suscipit esse voluptates.', 641, 0, 18, '2019-03-03 03:27:04', '2019-03-03 03:27:04'),
(71, 'deserunt', 'Quia dolore possimus rerum quos natus quia. Molestias porro assumenda minima fugiat. Quia voluptatem praesentium autem et dolores.', 871, 1, 25, '2019-03-03 03:27:04', '2019-03-03 03:27:04'),
(72, 'ea', 'Eum voluptatem rerum ad molestiae et. Vero quae minima est placeat. Dolorum architecto libero voluptatem sit voluptatem enim quam.', 599, 5, 10, '2019-03-03 03:27:04', '2019-03-03 03:27:04'),
(73, 'nihil', 'Voluptatem repellendus dolorum est omnis. Ea aliquam ab repellat consequatur corporis et. Debitis illo ad officiis nihil enim rem.', 505, 9, 27, '2019-03-03 03:27:04', '2019-03-03 03:27:04'),
(74, 'atque', 'Quas excepturi recusandae asperiores quaerat quod. Quasi nemo itaque accusantium non non dolores cupiditate. Non velit illo neque molestiae assumenda at.', 490, 0, 18, '2019-03-03 03:27:04', '2019-03-03 03:27:04'),
(75, 'ipsum', 'Temporibus quas sed aperiam dolorem. Beatae ut iure sit et omnis. Fugit necessitatibus necessitatibus aut omnis provident ea quia.', 765, 1, 9, '2019-03-03 03:27:04', '2019-03-03 03:27:04'),
(76, 'odit', 'Quam explicabo molestiae facilis voluptatem quia ratione aut ut. Omnis quibusdam nihil et laborum assumenda corrupti. Repellat qui quae cum eveniet natus eius et vero.', 845, 1, 16, '2019-03-03 03:27:04', '2019-03-03 03:27:04'),
(77, 'quod', 'Ad rerum impedit unde omnis assumenda dolor. Quia commodi voluptatem quas. Velit sapiente ipsum ipsa sint ad iste aliquam.', 693, 0, 17, '2019-03-03 03:27:04', '2019-03-03 03:27:04'),
(78, 'enim', 'Ad fugiat in aut cupiditate. Aut dolor assumenda et et omnis tempora sed. Quisquam accusamus voluptatem eligendi libero.', 936, 1, 28, '2019-03-03 03:27:05', '2019-03-03 03:27:05'),
(79, 'placeat', 'Pariatur occaecati omnis provident voluptas beatae quidem qui nemo. Mollitia rerum a minima voluptatem. Quia et enim et quia quaerat delectus saepe. Perspiciatis sapiente distinctio veritatis delectus est provident veritatis.', 648, 5, 27, '2019-03-03 03:27:05', '2019-03-03 03:27:05'),
(80, 'et', 'Ratione minus aut eligendi enim aut ad. Debitis tempora quia voluptatum enim et illum voluptas. Maxime labore vitae enim non aspernatur. Laborum sequi dolorem sed expedita corrupti aspernatur.', 150, 1, 24, '2019-03-03 03:27:05', '2019-03-03 03:27:05'),
(81, 'in', 'Sed molestiae laboriosam pariatur sed aperiam amet. Iste cupiditate nihil quibusdam. Et non ullam cupiditate nostrum iste atque. Officia officiis et aut enim.', 844, 1, 30, '2019-03-03 03:27:05', '2019-03-03 03:27:05'),
(82, 'qui', 'Dolor libero dolore voluptate itaque est quia quis. Quasi dolor error provident voluptas culpa. Sapiente non dolores saepe et possimus. Molestias enim adipisci qui sed ad et quo. Sit ipsam minus minus tempore voluptatem tempora est.', 889, 0, 13, '2019-03-03 03:27:05', '2019-03-03 03:27:05'),
(83, 'nemo', 'Dicta autem qui nemo consequatur. Eos dignissimos laudantium illum eos harum. Illo officia est atque velit.', 108, 2, 9, '2019-03-03 03:27:05', '2019-03-03 03:27:05'),
(84, 'ipsum', 'Laboriosam eum alias nam et aliquid culpa molestiae. Quis est odit voluptates odit. In nobis consequuntur consectetur. Omnis quibusdam omnis fugiat veritatis est dicta et.', 887, 9, 8, '2019-03-03 03:27:05', '2019-03-03 03:27:05'),
(85, 'officia', 'Et placeat alias ratione rerum. Cupiditate esse modi expedita recusandae officia. Magnam eaque velit pariatur repudiandae.', 629, 8, 18, '2019-03-03 03:27:05', '2019-03-03 03:27:05'),
(86, 'officiis', 'Officiis eius enim dolore culpa. Alias et voluptas dolor aperiam et vel. Porro unde similique minima sint. Ut aut enim debitis est.', 655, 1, 19, '2019-03-03 03:27:05', '2019-03-03 03:27:05'),
(87, 'nobis', 'Rem non voluptas mollitia unde consequatur debitis qui. Aut sunt voluptas vitae sunt quam unde. Et illo nobis placeat ab. Eaque et molestiae adipisci voluptas.', 693, 6, 5, '2019-03-03 03:27:05', '2019-03-03 03:27:05'),
(88, 'commodi', 'Quas inventore eligendi animi deleniti enim. Suscipit maxime aut commodi qui ea aspernatur culpa. Quibusdam distinctio dignissimos illum sed aperiam enim laboriosam. Sit expedita sunt distinctio laborum non commodi eligendi. Voluptas itaque consequatur cupiditate aspernatur expedita voluptate suscipit.', 823, 5, 28, '2019-03-03 03:27:05', '2019-03-03 03:27:05'),
(89, 'ad', 'Natus quia quo et. Eveniet culpa et qui natus dicta qui mollitia. Quo et totam recusandae doloribus sequi itaque consequatur voluptas. Aliquid perferendis cum sint fugit.', 282, 4, 6, '2019-03-03 03:27:05', '2019-03-03 03:27:05'),
(90, 'perferendis', 'Autem quo est quo magni laborum rerum. Voluptatum ut molestiae officiis rem quam quas. Est in sint eos eos veniam. Qui labore quibusdam corrupti dolor.', 328, 1, 5, '2019-03-03 03:27:05', '2019-03-03 03:27:05'),
(91, 'provident', 'Sed ut eveniet ab esse. Aut velit qui est ea.', 319, 6, 6, '2019-03-03 03:27:05', '2019-03-03 03:27:05'),
(92, 'et', 'Asperiores aut et vel illo. Eos est harum ut. Vero est pariatur rerum sed culpa.', 161, 8, 7, '2019-03-03 03:27:05', '2019-03-03 03:27:05'),
(93, 'minus', 'Molestiae deserunt ab veniam et in explicabo cum. Quis enim vero quia soluta esse ipsum.', 909, 1, 15, '2019-03-03 03:27:05', '2019-03-03 03:27:05'),
(94, 'ut', 'Eveniet et qui asperiores odio quam dolorum quo. Laudantium labore consequatur velit incidunt mollitia illo sint. Rerum praesentium mollitia accusamus doloremque ut totam nulla vitae. Assumenda alias consectetur ut et tempore.', 832, 9, 18, '2019-03-03 03:27:05', '2019-03-03 03:27:05'),
(95, 'modi', 'Quaerat culpa qui consequuntur corporis dolor omnis. Alias quam mollitia saepe aut. Delectus sequi quo id odit natus occaecati.', 542, 0, 18, '2019-03-03 03:27:05', '2019-03-03 03:27:05'),
(96, 'temporibus', 'Nulla explicabo sequi nemo beatae. Quis reiciendis nihil qui voluptatibus. Veritatis debitis earum voluptatum error iure eum nam. Ut ea sed quis natus consequatur. Repellat quam voluptas sint amet dolorum consequatur qui.', 718, 9, 14, '2019-03-03 03:27:05', '2019-03-03 03:27:05'),
(97, 'quia', 'Molestiae velit eos in excepturi illum quibusdam dolore aut. Incidunt et dolorem recusandae. Id dolores nulla animi maiores porro aperiam.', 589, 9, 23, '2019-03-03 03:27:05', '2019-03-03 03:27:05'),
(98, 'dolores', 'Dolor quis id ea enim qui a ut. Culpa qui qui sint aut aut cum. Ipsum soluta suscipit velit non molestias officia. Culpa dolorem eos sunt et.', 799, 3, 12, '2019-03-03 03:27:05', '2019-03-03 03:27:05'),
(99, 'at', 'Porro et error sed rerum similique facere. Rerum quidem ex ullam sunt et voluptatem. Qui doloribus numquam delectus aut. Hic consequatur nihil sint tempora consequatur.', 576, 7, 7, '2019-03-03 03:27:05', '2019-03-03 03:27:05'),
(100, 'optio', 'Modi minima nihil sed omnis quia. Magnam nam voluptas adipisci. Quidem praesentium odit et velit aut suscipit. Repellendus dicta esse sequi ut similique nihil.', 804, 9, 24, '2019-03-03 03:27:05', '2019-03-03 03:27:05');

-- --------------------------------------------------------

--
-- Estructura de tabla para la tabla `reviews`
--

CREATE TABLE `reviews` (
  `id` int(10) UNSIGNED NOT NULL,
  `product_id` int(10) UNSIGNED NOT NULL,
  `customer` varchar(191) COLLATE utf8mb4_unicode_ci NOT NULL,
  `review` text COLLATE utf8mb4_unicode_ci NOT NULL,
  `star` int(11) NOT NULL,
  `created_at` timestamp NULL DEFAULT NULL,
  `updated_at` timestamp NULL DEFAULT NULL
) ENGINE=InnoDB DEFAULT CHARSET=utf8mb4 COLLATE=utf8mb4_unicode_ci;

--
-- Volcado de datos para la tabla `reviews`
--

INSERT INTO `reviews` (`id`, `product_id`, `customer`, `review`, `star`, `created_at`, `updated_at`) VALUES
(1, 9, 'Dr. Vance Johns', 'Vel voluptate dolorum aut molestiae commodi odio expedita. Maiores laudantium quia ut rerum at. Qui iure rem ut excepturi. Id dolore qui dolorem.', 5, '2019-03-03 03:27:06', '2019-03-03 03:27:06'),
(2, 57, 'Mohammad Murray', 'Accusantium animi aut quia voluptate iste nam aperiam. Voluptas veritatis velit maxime nisi placeat. Est eius cumque autem consequatur reprehenderit aliquid dicta. Ut nemo illum laudantium incidunt delectus atque ipsum.', 0, '2019-03-03 03:27:06', '2019-03-03 03:27:06'),
(3, 68, 'Ernesto Daniel V', 'Qui nihil velit sunt similique. Officiis autem accusantium praesentium similique quo eligendi velit repellendus. Totam recusandae recusandae laborum impedit vitae maiores tenetur est. Possimus consequatur suscipit aspernatur enim qui.', 0, '2019-03-03 03:27:06', '2019-03-03 03:27:06'),
(4, 79, 'Prof. Edwardo Marvin', 'Ea est eaque quis quod in. Rem veritatis repellendus delectus veritatis. Sed molestiae corporis et ea eos earum quam. Quo hic distinctio qui aspernatur labore. Vel rerum eius dolor voluptate.', 0, '2019-03-03 03:27:06', '2019-03-03 03:27:06'),
(5, 33, 'Bennett Kilback IV', 'Qui commodi sint omnis laudantium impedit culpa sed. Repellat dolorem voluptas tempore quia repellat placeat. Architecto ad nesciunt qui tempora commodi sit totam. Deserunt voluptas quos doloremque.', 5, '2019-03-03 03:27:06', '2019-03-03 03:27:06'),
(6, 37, 'Mr. Cordelia Pouros', 'Alias doloremque alias et vitae dolore et excepturi. Perspiciatis dolor consequatur eius enim.', 1, '2019-03-03 03:27:06', '2019-03-03 03:27:06'),
(7, 37, 'Prof. Hipolito Dooley', 'Nobis quasi ut nobis eius officiis. Accusantium cum delectus voluptate voluptatum et magni asperiores aspernatur. Debitis aut illum maiores repellendus fugit sapiente qui. Nostrum qui voluptatum numquam blanditiis debitis. In at alias est eum molestiae consequatur.', 2, '2019-03-03 03:27:06', '2019-03-03 03:27:06'),
(8, 57, 'Palma O\'Kon', 'Nihil est quis fugiat ab. Tempora ut et magni non ut harum ut sint. Delectus molestias culpa maxime aut iusto autem.', 0, '2019-03-03 03:27:06', '2019-03-03 03:27:06'),
(9, 1, 'Desiree Bode', 'Dolore voluptas accusantium fugiat accusantium. Ea modi et ducimus repellat dolore. Officiis eligendi repellendus quia voluptatem nisi id fuga. Hic pariatur placeat in consequatur.', 5, '2019-03-03 03:27:06', '2019-03-03 03:27:06'),
(10, 3, 'Assunta Lehner IV', 'Ab vel ut et eveniet quia in. Totam officiis eum consequatur commodi at voluptates omnis harum. Sunt ad perspiciatis ut a fugiat doloremque voluptatum. Est qui delectus est occaecati.', 2, '2019-03-03 03:27:06', '2019-03-03 03:27:06'),
(11, 6, 'Hailie Koss', 'Possimus vel omnis voluptatibus quaerat totam ullam. Fugit non dolor earum hic. Inventore dolor qui praesentium consectetur nostrum similique. Suscipit eum temporibus ducimus modi praesentium natus qui et.', 0, '2019-03-03 03:27:06', '2019-03-03 03:27:06'),
(12, 34, 'Dangelo McGlynn', 'Sequi est sed nam sit ut unde. Distinctio architecto et quod sit vel repudiandae alias. Maxime ea ullam distinctio occaecati explicabo quidem rem.', 4, '2019-03-03 03:27:06', '2019-03-03 03:27:06'),
(13, 91, 'Adolfo O\'Reilly', 'Rerum alias unde ab. Et architecto qui aliquid sapiente exercitationem. Odit et et et voluptatum consequuntur commodi. Ratione qui ut quae vel voluptates.', 3, '2019-03-03 03:27:06', '2019-03-03 03:27:06'),
(14, 79, 'Francis Jacobs', 'Minus quam provident soluta veritatis. Repellendus facilis suscipit totam voluptas quos voluptas. Iure voluptatum omnis saepe iste. Aut sed similique dolor rerum qui animi minus.', 3, '2019-03-03 03:27:06', '2019-03-03 03:27:06'),
(15, 11, 'Vivian Lang', 'Facilis voluptas vitae in quae omnis sint nesciunt. Consequuntur magni omnis quo dolores veniam sunt dolores. Fugit rerum alias consectetur voluptatem in. Dolorem aut voluptates maiores explicabo et dolor dignissimos voluptatem.', 3, '2019-03-03 03:27:06', '2019-03-03 03:27:06'),
(16, 56, 'Hyman Marks', 'Itaque nisi tempore natus. Et inventore modi sed dolore. Consequatur impedit ex totam et et. Id quo est quidem amet.', 1, '2019-03-03 03:27:06', '2019-03-03 03:27:06'),
(17, 19, 'Jewell Mann', 'Temporibus molestiae eos et libero consequatur et quis. Quod dolores quidem libero culpa adipisci facilis. Fuga quasi ullam sunt id veniam aspernatur aliquam.', 2, '2019-03-03 03:27:06', '2019-03-03 03:27:06'),
(18, 71, 'Dr. Esmeralda Leffler', 'Et reiciendis nam aut culpa debitis. Beatae et perspiciatis est. Et quis aliquid harum eveniet ad vero.', 3, '2019-03-03 03:27:07', '2019-03-03 03:27:07'),
(19, 30, 'Mr. Norbert Braun', 'Et molestiae voluptate vel incidunt ut. Nam nihil necessitatibus quos doloremque doloribus rem amet itaque. Recusandae doloribus aut porro. Assumenda ut eveniet est possimus voluptatem ut aliquid.', 2, '2019-03-03 03:27:07', '2019-03-03 03:27:07'),
(20, 99, 'Alda Stark', 'Repellendus ipsa fuga nobis mollitia voluptas harum illum. In nostrum repudiandae nisi qui id.', 3, '2019-03-03 03:27:07', '2019-03-03 03:27:07'),
(21, 69, 'Dr. Garnet McKenzie', 'Hic est nemo sed nemo. Facilis nemo eum rerum maiores ut. Sed debitis consectetur nesciunt aut et.', 4, '2019-03-03 03:27:07', '2019-03-03 03:27:07'),
(22, 67, 'Stevie Larson', 'Nisi amet est omnis voluptate nostrum quia ratione. Facilis rerum unde nulla laudantium suscipit eius mollitia. Corrupti corporis mollitia saepe consequatur. Aut repudiandae totam non laboriosam quod. Ut reprehenderit accusamus aspernatur quas ea quod.', 1, '2019-03-03 03:27:07', '2019-03-03 03:27:07'),
(23, 12, 'Samir Cremin Sr.', 'Cupiditate dolor nostrum provident. Ut molestiae dignissimos minima qui quis non. A voluptatem sequi maxime repudiandae dolores minus.', 5, '2019-03-03 03:27:07', '2019-03-03 03:27:07'),
(24, 24, 'Dr. Nyah Bogan', 'Quidem quis rerum a praesentium corrupti vel. Enim et saepe alias facilis. Accusamus ipsam neque adipisci expedita vel quam excepturi voluptas. Ea ratione quas eligendi sit et.', 2, '2019-03-03 03:27:07', '2019-03-03 03:27:07'),
(25, 83, 'Monte McDermott', 'Reprehenderit iste qui voluptas enim et. Velit praesentium autem unde totam et id. Earum minus amet dolorem quia doloremque. Enim quaerat sit molestiae.', 5, '2019-03-03 03:27:07', '2019-03-03 03:27:07'),
(26, 11, 'Prof. Tierra Rutherford', 'Blanditiis et explicabo est nostrum. Inventore asperiores vitae facere vel ut. Officia quis est vitae ad magnam quia.', 2, '2019-03-03 03:27:07', '2019-03-03 03:27:07'),
(27, 29, 'Jaida Keeling', 'Quo omnis nisi aut voluptatem similique et ut. Sed et iste placeat ut iste. Beatae incidunt reiciendis eum dolorem quae aperiam enim voluptatem.', 2, '2019-03-03 03:27:07', '2019-03-03 03:27:07'),
(28, 8, 'Claud Bartoletti', 'Rerum ipsam consequatur rerum voluptatum corrupti. Id autem est id tempora vel iure. Nobis neque qui doloribus quia fugit autem consequuntur. Ea amet illum ut repellat earum velit.', 1, '2019-03-03 03:27:07', '2019-03-03 03:27:07'),
(29, 70, 'Pinkie Rogahn', 'Quia officia numquam animi atque et quisquam. Optio id quo neque. Quasi pariatur minima cum atque aliquam et.', 5, '2019-03-03 03:27:07', '2019-03-03 03:27:07'),
(30, 7, 'Claudie Franecki', 'Quibusdam repellendus architecto sequi voluptates. Modi qui eum expedita rerum molestiae.', 5, '2019-03-03 03:27:07', '2019-03-03 03:27:07'),
(31, 85, 'Tomas Harber Jr.', 'Illo nam dolorem delectus eveniet. Est sit et beatae error. Qui sequi est eveniet voluptatem. Sit facere officiis earum ducimus ipsa. Rerum totam nihil perspiciatis est nesciunt harum maxime.', 2, '2019-03-03 03:27:07', '2019-03-03 03:27:07'),
(32, 7, 'Crystal Cole', 'Excepturi ducimus adipisci commodi eveniet aliquam ad non voluptatem. Ut rerum eos accusantium. Eligendi sunt impedit vel velit et. Molestiae inventore sed sint quia corporis est. Deleniti nesciunt doloremque ipsam iusto sed.', 5, '2019-03-03 03:27:07', '2019-03-03 03:27:07'),
(33, 71, 'Orie Hackett', 'Eligendi quasi ducimus adipisci maiores. Id in ut ea eveniet quam pariatur quis. Eligendi quae non magni eius animi ut nemo. Dignissimos aspernatur iste quia voluptates magni porro et.', 1, '2019-03-03 03:27:07', '2019-03-03 03:27:07'),
(34, 43, 'Reece Keeling Jr.', 'A at debitis aut amet ut vel aliquid. Ratione iste omnis eos sed officiis qui quia. Eveniet eum et sed sunt. Ex aperiam harum a error.', 0, '2019-03-03 03:27:07', '2019-03-03 03:27:07'),
(35, 89, 'Mrs. Freda Schumm Jr.', 'Aut rerum dicta ipsam quis. Quae consequatur quo dolores veniam eum vitae aut ratione. Esse vel quia qui voluptatem fuga. Cupiditate neque porro qui in labore eum quis.', 3, '2019-03-03 03:27:07', '2019-03-03 03:27:07'),
(36, 29, 'Junius Fisher', 'Ut nostrum voluptas sit. Repellendus culpa ut ipsum autem. Debitis et sequi alias. Incidunt omnis nulla eaque enim.', 1, '2019-03-03 03:27:07', '2019-03-03 03:27:07'),
(37, 61, 'Christopher McCullough', 'Nulla voluptatibus in provident. Et doloremque animi iste porro autem odio accusamus. Deleniti error enim non asperiores voluptatem laboriosam hic. Cupiditate esse aperiam autem rem sint. Ut eveniet eos et delectus ut.', 4, '2019-03-03 03:27:08', '2019-03-03 03:27:08'),
(38, 59, 'Prof. Mittie Maggio', 'Similique quidem adipisci maiores et doloribus. Voluptas reiciendis illum sunt nihil non voluptates. Dignissimos nemo saepe et molestiae quam neque qui.', 4, '2019-03-03 03:27:08', '2019-03-03 03:27:08'),
(39, 11, 'Jeramy Morar', 'Dolor voluptatem et corrupti molestiae et fugit. Consectetur soluta est unde veritatis nisi. Voluptatem perferendis autem voluptatum porro. Ea dolorem et velit sunt voluptatibus.', 3, '2019-03-03 03:27:08', '2019-03-03 03:27:08'),
(40, 59, 'Miss Idella Ondricka', 'Neque enim ea esse maiores. Accusamus et quis qui veritatis sit ut et. Architecto iste tempore qui vel exercitationem quo.', 5, '2019-03-03 03:27:08', '2019-03-03 03:27:08'),
(41, 18, 'Bud Effertz III', 'Nobis et ad dignissimos numquam et distinctio. Deserunt magni impedit non explicabo sed quisquam ut. Suscipit quia voluptatem sunt est. Quisquam iure placeat repellat itaque quia voluptatem voluptatem.', 5, '2019-03-03 03:27:08', '2019-03-03 03:27:08'),
(42, 12, 'Mrs. Karelle Wiegand', 'Esse non minima dignissimos. Tenetur molestias sed incidunt quibusdam quod blanditiis non. Facilis harum quibusdam ut iusto. Et unde ut nisi harum.', 4, '2019-03-03 03:27:08', '2019-03-03 03:27:08'),
(43, 20, 'Ward Goodwin', 'Cumque tempore tenetur deserunt possimus ut. Eius quos dolorem laboriosam suscipit neque. Et et debitis a possimus ipsa. Et optio quas est assumenda molestiae laboriosam.', 2, '2019-03-03 03:27:08', '2019-03-03 03:27:08'),
(44, 79, 'Mrs. Roselyn Beer', 'Laboriosam praesentium eum rem pariatur iusto amet qui consequuntur. Fugiat est quo voluptate accusamus cumque consequuntur. Inventore esse quam quia sed aliquam.', 3, '2019-03-03 03:27:08', '2019-03-03 03:27:08'),
(45, 43, 'Jesus Balistreri', 'Ut aliquid alias tenetur sunt doloribus. Quos pariatur soluta itaque reiciendis voluptatem et. Sed vero suscipit aut praesentium. Cumque corporis fuga dolores ullam rerum et tenetur. Pariatur ut excepturi rem ipsa libero voluptatem.', 5, '2019-03-03 03:27:08', '2019-03-03 03:27:08'),
(46, 61, 'Gladyce Beier', 'Libero expedita laborum veniam quisquam dolorum aut. Necessitatibus id consectetur quae dolore eos eligendi. Delectus cumque consequatur quia quis. Nihil cupiditate est velit aut.', 4, '2019-03-03 03:27:08', '2019-03-03 03:27:08'),
(47, 39, 'Dr. Derick Schulist', 'Neque sequi dolorum qui earum cumque. Recusandae autem cumque ducimus laboriosam. Error aut deserunt consequatur enim. Qui corrupti et id dicta ut sed.', 0, '2019-03-03 03:27:08', '2019-03-03 03:27:08'),
(48, 64, 'Adonis Schroeder Sr.', 'Molestiae aut quod quo molestiae ea. Iste est sapiente nihil dolores consequuntur vero earum. Consequatur doloribus dolorem dignissimos ut. Id saepe et adipisci consequatur provident qui.', 3, '2019-03-03 03:27:08', '2019-03-03 03:27:08'),
(49, 51, 'Joshua Nikolaus', 'Facilis rem enim veniam. Ea eos consequatur voluptas consequuntur est. Eius iusto ex autem distinctio.', 2, '2019-03-03 03:27:08', '2019-03-03 03:27:08'),
(50, 39, 'Terence Corwin', 'Dolor voluptas sunt quasi explicabo. Dignissimos officia facere impedit aut et est vel temporibus. Reprehenderit deserunt quis iusto esse. Non voluptatibus excepturi nihil cumque repudiandae.', 2, '2019-03-03 03:27:08', '2019-03-03 03:27:08'),
(51, 30, 'Ephraim Ruecker', 'Ipsum optio est laboriosam soluta. Odio impedit consequatur ad unde. Suscipit quod ducimus nulla asperiores aut.', 5, '2019-03-03 03:27:08', '2019-03-03 03:27:08'),
(52, 79, 'General Haag', 'Alias a dolore ut ad pariatur placeat. Nostrum soluta labore et et harum nisi quo. Vero ex adipisci nesciunt autem recusandae.', 5, '2019-03-03 03:27:08', '2019-03-03 03:27:08'),
(53, 36, 'Rubie Bogisich', 'Accusantium aut neque veritatis neque dolores. Id nihil quos qui exercitationem cupiditate asperiores et omnis. Expedita aliquid placeat expedita eum veniam eius perferendis. Consequatur reiciendis facilis et aliquid sed.', 3, '2019-03-03 03:27:08', '2019-03-03 03:27:08'),
(54, 20, 'Dr. Leonard Crist', 'Deserunt voluptates sed omnis incidunt veniam veritatis maiores ipsum. Dolores aut et sit nam voluptatem neque alias est. Blanditiis tempora consectetur autem earum reprehenderit quia dolor.', 4, '2019-03-03 03:27:08', '2019-03-03 03:27:08'),
(55, 53, 'Dr. Sean Pagac', 'Sed in totam placeat earum eveniet ipsa debitis. Quos quas dolore officia natus quaerat consectetur.', 3, '2019-03-03 03:27:08', '2019-03-03 03:27:08'),
(56, 11, 'Leon Kessler DDS', 'Non repellendus quia ipsum aspernatur voluptatem quia. Eaque impedit eos voluptas quibusdam nam ab ut. Sed quo ratione temporibus fuga corporis impedit eum. At rerum quos aut quaerat quis eum quia.', 1, '2019-03-03 03:27:08', '2019-03-03 03:27:08'),
(57, 13, 'Pascale Gorczany PhD', 'Voluptatem quidem porro placeat repellat illo. Ut voluptatum nisi doloribus est inventore velit veritatis.', 4, '2019-03-03 03:27:08', '2019-03-03 03:27:08'),
(58, 94, 'Theodora Mraz', 'Delectus mollitia in non. Dolor nam ratione error magni magnam provident et. In voluptatem sit velit dolor quo dolores. Quos voluptate et nisi eaque quia id.', 4, '2019-03-03 03:27:08', '2019-03-03 03:27:08'),
(59, 49, 'Miss Clara Gorczany', 'Molestiae rerum sapiente commodi. Eligendi sunt assumenda quia consequatur vel amet tempore. Quisquam autem dolore rerum recusandae non. Omnis sed totam vel similique asperiores quia officiis. Placeat ut quis ea praesentium maxime accusantium.', 3, '2019-03-03 03:27:08', '2019-03-03 03:27:08'),
(60, 100, 'Prof. Adalberto Harris Jr.', 'Velit possimus esse inventore. Est quis eos sit saepe aut. Et quisquam laudantium cum aliquid quis qui.', 4, '2019-03-03 03:27:08', '2019-03-03 03:27:08'),
(61, 98, 'Duane Mann MD', 'Dolor ex distinctio ex saepe. Quisquam ratione aut tempora dignissimos facere adipisci odio. Incidunt perferendis omnis fugiat sint ut quia et dolor. Aliquam consequatur ducimus quia nihil dolorem blanditiis ipsam.', 4, '2019-03-03 03:27:08', '2019-03-03 03:27:08'),
(62, 9, 'Tracy Herman', 'At perspiciatis quam accusamus modi delectus. Quia nulla quam odio. Reiciendis illo sint fuga deleniti error voluptas dolor.', 5, '2019-03-03 03:27:08', '2019-03-03 03:27:08'),
(63, 79, 'Casimir Hane', 'Quod consequatur nesciunt aliquam. Quia dolor quia dicta est. Asperiores assumenda iste rerum odit reiciendis possimus.', 4, '2019-03-03 03:27:08', '2019-03-03 03:27:08'),
(64, 94, 'Dr. Glenna O\'Kon', 'A sed odit dolorum praesentium maxime totam qui. Et dolor nisi adipisci beatae esse eum. Qui ea voluptatem fuga earum amet libero aut. Inventore quia tenetur qui iure.', 5, '2019-03-03 03:27:08', '2019-03-03 03:27:08'),
(65, 94, 'Yadira Bernhard', 'Et voluptatum illum repellat amet aut nisi deserunt velit. Non quos dignissimos aperiam sint temporibus fuga. Ipsum rem perferendis quidem. Ut est et voluptatum.', 2, '2019-03-03 03:27:09', '2019-03-03 03:27:09'),
(66, 74, 'Johnathan Considine', 'Sed qui a cupiditate officiis est et vel. Est autem sequi vitae provident qui sequi dolorum. Amet adipisci eaque molestiae autem corrupti dolore voluptatem. Et ratione praesentium id.', 5, '2019-03-03 03:27:09', '2019-03-03 03:27:09'),
(67, 46, 'Ms. Maci Vandervort', 'Dolorum dicta aut ut et magnam aperiam deleniti ipsum. Sed autem eveniet molestiae sint eum voluptatem. Consequuntur libero illo dolorem dolores. Hic ut earum nulla numquam provident sunt. Est qui et omnis et deleniti illum labore.', 2, '2019-03-03 03:27:09', '2019-03-03 03:27:09'),
(68, 90, 'Wilber Hammes', 'A rerum est ut veniam vel. Atque voluptatem possimus sed magni maiores. Excepturi molestias saepe reiciendis officia est expedita numquam consequuntur.', 3, '2019-03-03 03:27:09', '2019-03-03 03:27:09'),
(69, 66, 'Christop Zulauf', 'Sint velit expedita architecto sint tempora porro ut. Facilis perferendis dignissimos rerum sint cumque. Ullam temporibus aliquid est et dignissimos.', 5, '2019-03-03 03:27:09', '2019-03-03 03:27:09'),
(70, 53, 'Belle Mante', 'Est quo dolores illum inventore. Magni ullam quis possimus eaque qui.', 4, '2019-03-03 03:27:09', '2019-03-03 03:27:09'),
(71, 32, 'Mrs. Brandi Gulgowski MD', 'Quam minima corrupti similique blanditiis non eos. Iusto debitis rem sapiente repellendus. Consectetur eius consequuntur non earum repellat commodi. Ducimus minima eum officiis ut accusantium minima quaerat.', 4, '2019-03-03 03:27:09', '2019-03-03 03:27:09'),
(72, 45, 'Dr. Jedidiah Mante V', 'Sint mollitia rerum consequuntur dolore debitis in consectetur. Nemo quia aliquam excepturi temporibus in qui. Inventore suscipit nobis dolorem molestias quo qui nemo architecto.', 1, '2019-03-03 03:27:09', '2019-03-03 03:27:09'),
(73, 42, 'Briana Smith', 'Quis sit similique laboriosam reiciendis deserunt. Quia ut repudiandae aut qui quidem ab. Officiis sed et laudantium quia sit quas.', 0, '2019-03-03 03:27:09', '2019-03-03 03:27:09'),
(74, 29, 'Maxine Schuppe', 'Dolores ut ullam autem nam ipsam. Aut ipsum distinctio corporis voluptas. Autem modi eveniet enim ipsa rerum. Dolores ab qui perspiciatis eligendi quia odit deleniti.', 1, '2019-03-03 03:27:09', '2019-03-03 03:27:09'),
(75, 2, 'Cali Kuhn', 'Exercitationem hic animi aut incidunt. Qui earum aut qui architecto voluptatibus voluptate sit et. Amet minima ut repellat eligendi nisi quis voluptas. Voluptatem quisquam id esse fugiat modi.', 0, '2019-03-03 03:27:09', '2019-03-03 03:27:09'),
(76, 73, 'Marco Ziemann', 'Adipisci dolores autem unde. Nihil vero occaecati omnis quo ratione voluptatibus repellendus. Magnam qui ipsa placeat aut rerum debitis ut rerum.', 0, '2019-03-03 03:27:09', '2019-03-03 03:27:09'),
(77, 44, 'Lora Considine', 'Facilis iure voluptatum aliquam libero quos reprehenderit quasi. Placeat libero consequatur nesciunt aliquam ut. Esse reiciendis fugit mollitia. Nemo vitae illo quo ipsa animi.', 0, '2019-03-03 03:27:09', '2019-03-03 03:27:09'),
(78, 77, 'Guy Thiel', 'Quia harum quasi aliquam est voluptas suscipit non et. Aut quis provident omnis saepe. Consequatur delectus iure qui repellendus ipsam nulla. Facilis eligendi et incidunt veritatis nisi voluptas voluptas.', 5, '2019-03-03 03:27:09', '2019-03-03 03:27:09'),
(79, 85, 'Mrs. Agustina Adams', 'Porro voluptas eaque nesciunt repellat dolores deleniti. Vel beatae tempora corporis cum quia impedit minima. Fuga et repudiandae accusamus voluptatem repellat. Rerum eum eaque aut illo dolorum. Eos aut labore possimus qui temporibus.', 3, '2019-03-03 03:27:09', '2019-03-03 03:27:09'),
(80, 74, 'Dr. Wiley Marvin', 'Et aut id aut ducimus ab qui. Esse est soluta dolor exercitationem velit excepturi. Suscipit dignissimos nulla ullam at aut et.', 3, '2019-03-03 03:27:09', '2019-03-03 03:27:09'),
(81, 16, 'Jimmie Effertz', 'Molestias possimus enim et occaecati. Illo incidunt aut perspiciatis non delectus eveniet. Libero eveniet debitis vero iusto et ad aperiam. Doloribus earum eligendi debitis a qui ut qui sed.', 2, '2019-03-03 03:27:09', '2019-03-03 03:27:09'),
(82, 24, 'Dr. Dejuan Weissnat', 'Eum nulla fugit aliquid quidem atque voluptatum neque. Fugit minima quia necessitatibus dolores sed. Voluptatibus rerum excepturi nobis optio non voluptas eum. Adipisci praesentium consequatur reiciendis sint.', 2, '2019-03-03 03:27:09', '2019-03-03 03:27:09'),
(83, 11, 'Joyce Wunsch', 'Et eum asperiores et temporibus dolor. Ut quidem nisi ducimus voluptas rerum magni eligendi alias. Vitae esse repellendus qui saepe sit. Sunt qui quia tempora excepturi alias.', 5, '2019-03-03 03:27:09', '2019-03-03 03:27:09'),
(84, 73, 'Raina Sipes', 'Et quae nostrum delectus. Ducimus autem provident illum et odit saepe. Beatae a quod eum quis dolores ut. Praesentium sunt et repellat tempora quos laboriosam blanditiis.', 5, '2019-03-03 03:27:09', '2019-03-03 03:27:09'),
(85, 82, 'Dr. Kaley Miller', 'Saepe eos itaque quo eum vero illum. Est voluptatem et iusto consequatur dolorum cumque. Dolorum est modi ut atque.', 5, '2019-03-03 03:27:09', '2019-03-03 03:27:09'),
(86, 51, 'Dr. Warren Kunde DDS', 'Eius saepe odio consequatur qui quia. Atque qui et eum unde facere est. Dolore velit rem dolores modi ut minus illum.', 1, '2019-03-03 03:27:09', '2019-03-03 03:27:09'),
(87, 3, 'Dr. Janae Sporer', 'Aperiam et et placeat reiciendis consequatur et voluptatum iste. Mollitia quia expedita hic quasi excepturi dolorum accusamus laborum. Culpa maxime et esse et necessitatibus sint.', 1, '2019-03-03 03:27:09', '2019-03-03 03:27:09'),
(88, 79, 'Dessie West', 'Accusantium molestiae nihil quis assumenda rerum. Inventore maxime natus aspernatur optio dignissimos. Consequatur vero et et dolores velit soluta perferendis.', 3, '2019-03-03 03:27:09', '2019-03-03 03:27:09'),
(89, 89, 'Crystel Wehner', 'Ratione cumque in et quasi. Quos fuga iure sed suscipit et et. Cum fugit excepturi voluptas quas commodi dolorem. Sed aut qui consequatur enim ab hic. Doloremque in ut eius et.', 1, '2019-03-03 03:27:09', '2019-03-03 03:27:09'),
(90, 38, 'Noah Harris', 'Alias exercitationem dolorem placeat non. Quaerat voluptatem est id excepturi in molestias vel. Adipisci rem maiores et excepturi labore numquam. Voluptates recusandae asperiores doloremque occaecati.', 2, '2019-03-03 03:27:09', '2019-03-03 03:27:09'),
(91, 51, 'Prof. Brenden Keeling IV', 'Aut corrupti et ipsum ullam qui veniam quia. Et occaecati nam exercitationem. Recusandae similique adipisci nobis aut qui.', 3, '2019-03-03 03:27:09', '2019-03-03 03:27:09'),
(92, 10, 'Katelyn Hoeger PhD', 'Natus omnis illum sit inventore eum natus voluptate. Repellendus quam in sunt quia rem. Est laborum necessitatibus officiis omnis perferendis.', 1, '2019-03-03 03:27:09', '2019-03-03 03:27:09'),
(93, 6, 'Clotilde Bins', 'Et ut error nihil quidem ipsam eligendi. Aut porro commodi inventore. Quis quo deleniti rerum maiores non nam vel. Repellat ut ducimus odit voluptates deleniti excepturi. Ut ut ut optio dolorem odio eos.', 5, '2019-03-03 03:27:10', '2019-03-03 03:27:10'),
(94, 91, 'Lenny Bayer PhD', 'Ea optio est aut nam tenetur quibusdam consequatur. Delectus odit sequi voluptatibus provident dolores. Unde ea aut tenetur deserunt sed. Quis hic ad voluptate aut consectetur ut.', 3, '2019-03-03 03:27:10', '2019-03-03 03:27:10'),
(95, 80, 'Evert Paucek PhD', 'Nam sed omnis fugit sequi quia voluptatem possimus eum. Ut sed quidem cupiditate iusto libero. Reprehenderit perspiciatis ea cupiditate id nobis quis aliquam velit.', 5, '2019-03-03 03:27:10', '2019-03-03 03:27:10'),
(96, 41, 'Dr. Antonina Rippin', 'Omnis labore quisquam ut iure itaque nobis consequuntur. Quidem minus voluptatem recusandae vel expedita. Ea sit suscipit maxime non quidem qui eaque. Et pariatur dolorem nihil voluptatem deleniti inventore tempora. Aut quidem perspiciatis ea sit.', 2, '2019-03-03 03:27:10', '2019-03-03 03:27:10'),
(97, 3, 'Madisyn Connelly', 'In consequatur iure eum ipsa est soluta voluptatem. Sunt et sed perferendis ut reprehenderit non. Aut et ea architecto minus sit facere exercitationem earum. Sit commodi fuga vel voluptatem aperiam voluptatem.', 0, '2019-03-03 03:27:10', '2019-03-03 03:27:10'),
(98, 17, 'Tracey Murray Sr.', 'Blanditiis dolor aliquid et consectetur eaque excepturi. Asperiores qui magni vel ex dolorem. Deserunt dolorem quo aliquid et omnis.', 5, '2019-03-03 03:27:10', '2019-03-03 03:27:10'),
(99, 11, 'Mr. Thad Christiansen DDS', 'Dolores inventore est beatae dolorum. Consequatur saepe dolorum quo labore delectus. Fugiat velit voluptatem omnis voluptatem. Soluta tenetur adipisci placeat quasi impedit est sit labore.', 5, '2019-03-03 03:27:10', '2019-03-03 03:27:10'),
(100, 92, 'Zachary Heller', 'Recusandae mollitia non deleniti est deserunt ut odio. Reprehenderit repudiandae cum nisi quae sed perspiciatis rem. Necessitatibus sunt fugit ipsam cupiditate quis. Aut maxime esse earum ratione. Temporibus et ipsa et error non odio at veniam.', 2, '2019-03-03 03:27:10', '2019-03-03 03:27:10'),
(101, 33, 'Darby Cassin', 'Sed animi aut numquam blanditiis quia doloremque iusto. Sint impedit earum qui maxime. Hic vero numquam iure nulla consequatur esse aut rerum. Vel modi aperiam quam dolor necessitatibus et consequatur. Exercitationem sit eum repellat quia aperiam doloribus.', 2, '2019-03-03 03:27:10', '2019-03-03 03:27:10'),
(102, 34, 'Cleo Jacobson', 'Ea odit est in impedit at. Repudiandae nihil et consequatur omnis blanditiis quas aliquid. Consequuntur porro deleniti vitae et nostrum nostrum quis architecto.', 0, '2019-03-03 03:27:10', '2019-03-03 03:27:10'),
(103, 38, 'Icie Lockman', 'Delectus non adipisci maxime quasi aut in amet dolorum. Consequatur a dolorem pariatur commodi quia porro veniam. Quis dolore quas vitae.', 4, '2019-03-03 03:27:10', '2019-03-03 03:27:10'),
(104, 62, 'Amaya Wolff', 'Cumque dolore eligendi natus similique perspiciatis ad odio. Rerum fugiat est tempore enim qui. Quas quidem et quod voluptates.', 1, '2019-03-03 03:27:10', '2019-03-03 03:27:10'),
(105, 86, 'Prof. Jackson Bartoletti', 'Rerum earum rerum id architecto explicabo id ducimus. Et occaecati ipsum vitae nesciunt illo. Facilis ut officia et et accusantium sequi tenetur. Voluptas voluptatem dolores eum modi earum autem autem.', 0, '2019-03-03 03:27:10', '2019-03-03 03:27:10'),
(106, 90, 'Sierra Buckridge', 'Laudantium eveniet atque doloremque voluptatem. Asperiores aut cupiditate eveniet dolorem harum. Laudantium sed fuga excepturi et. Est molestias placeat voluptas earum aliquid.', 5, '2019-03-03 03:27:10', '2019-03-03 03:27:10'),
(107, 35, 'Harmon Keeling', 'Perferendis eligendi culpa sed nesciunt. Enim minus ad incidunt rerum assumenda non blanditiis voluptas. Laborum aut consequatur consectetur perferendis laboriosam quisquam distinctio.', 5, '2019-03-03 03:27:10', '2019-03-03 03:27:10'),
(108, 82, 'Darrion Klein MD', 'Omnis nostrum nihil iste est voluptatem cumque aliquid dolor. Molestiae sequi doloremque et qui doloremque rerum deserunt quo. Vitae nihil odit delectus. Impedit et qui optio esse dolor quis. Perferendis vero consectetur et.', 5, '2019-03-03 03:27:10', '2019-03-03 03:27:10'),
(109, 28, 'Miss Lulu Barton III', 'Beatae debitis et asperiores. Aut perspiciatis sit facere facilis perferendis ipsum.', 5, '2019-03-03 03:27:10', '2019-03-03 03:27:10'),
(110, 97, 'Paula Hackett', 'Autem voluptas nemo et nihil. Consequatur ut magnam quas dolor autem omnis. Distinctio enim voluptas consequatur repudiandae necessitatibus dolorem. Repellendus impedit architecto culpa assumenda sed. Provident inventore dolores omnis.', 3, '2019-03-03 03:27:10', '2019-03-03 03:27:10'),
(111, 81, 'Miss Ruth Schumm', 'Est dolores aut beatae expedita reiciendis. Error at id cum dicta. Libero molestiae at et et aperiam eos eum. Et impedit possimus distinctio velit accusamus nobis iure.', 2, '2019-03-03 03:27:10', '2019-03-03 03:27:10'),
(112, 1, 'Pierce Lesch Sr.', 'Voluptas ipsum dignissimos quis. Et corporis minima debitis ut iste. Eaque qui magni sed et non.', 5, '2019-03-03 03:27:10', '2019-03-03 03:27:10'),
(113, 32, 'Prof. Layla Schinner', 'Ipsum deleniti veniam cum est. Omnis optio dolor facilis earum dolores quia dolorem ducimus. Reiciendis rerum omnis quidem fugit et.', 3, '2019-03-03 03:27:10', '2019-03-03 03:27:10'),
(114, 75, 'Helmer Kovacek', 'Aperiam placeat dolores voluptatum ipsa. Molestiae excepturi quidem cumque ratione fuga. Eius perferendis eos assumenda non recusandae quas.', 3, '2019-03-03 03:27:10', '2019-03-03 03:27:10'),
(115, 74, 'Miss Eden Schulist PhD', 'Ea alias adipisci assumenda earum. Consequatur quasi aut ipsa est atque in.', 4, '2019-03-03 03:27:10', '2019-03-03 03:27:10'),
(116, 98, 'Titus Feil', 'Atque vel ea earum corrupti. Et dolores culpa atque vel voluptatem rem. Cupiditate ut quasi eos sint. Ea dolor sapiente cum iste et.', 5, '2019-03-03 03:27:10', '2019-03-03 03:27:10'),
(117, 31, 'Prof. Keanu Boyer II', 'Saepe adipisci tenetur maiores et accusamus. Minus nihil exercitationem qui doloribus nostrum. Velit placeat enim praesentium ratione deleniti aspernatur.', 0, '2019-03-03 03:27:10', '2019-03-03 03:27:10'),
(118, 11, 'Alycia Bartell', 'Incidunt neque sed sint. Nisi nesciunt perspiciatis in cupiditate quia et vero. Alias voluptatem vel sint consequatur fugit quos quaerat ut. Vitae perspiciatis suscipit corrupti optio animi cum. Vitae doloribus et tenetur ullam aut.', 5, '2019-03-03 03:27:10', '2019-03-03 03:27:10'),
(119, 51, 'Holly Jenkins III', 'Tenetur sit laudantium aut. Praesentium sapiente laudantium et quas. Quo explicabo adipisci quis aut accusamus nam. Iure pariatur facere suscipit quo consequatur consequatur blanditiis.', 0, '2019-03-03 03:27:10', '2019-03-03 03:27:10'),
(120, 52, 'Imogene Friesen II', 'Expedita architecto harum culpa dignissimos. Excepturi molestiae ea soluta commodi. Est beatae cupiditate qui consequatur saepe. Dolor sit harum et id et aut. Amet totam porro nihil saepe.', 5, '2019-03-03 03:27:10', '2019-03-03 03:27:10'),
(121, 25, 'Theresa Kuvalis', 'Voluptas recusandae debitis veritatis doloribus. Quod animi et facilis consequatur quaerat est. Modi quam harum ut quis eos possimus. At tenetur necessitatibus qui possimus vel asperiores repudiandae.', 3, '2019-03-03 03:27:11', '2019-03-03 03:27:11'),
(122, 53, 'Ladarius Strosin', 'Ut veritatis et ut aut. Illo eveniet qui exercitationem velit. Velit labore modi voluptas neque autem. Repellendus voluptate animi nemo aut iure vel.', 3, '2019-03-03 03:27:11', '2019-03-03 03:27:11'),
(123, 63, 'Dr. Margaret Brown', 'Eum sit suscipit reprehenderit nostrum quae. Suscipit molestiae excepturi minima et.', 4, '2019-03-03 03:27:11', '2019-03-03 03:27:11'),
(124, 80, 'Prof. Lyric Wisoky', 'Impedit explicabo non est ut. Provident qui ut nostrum officia. Eveniet explicabo id exercitationem doloremque.', 0, '2019-03-03 03:27:11', '2019-03-03 03:27:11'),
(125, 2, 'Levi Lueilwitz', 'Eligendi quo sint odio ut accusamus. Cum numquam aut corporis dolore iste reiciendis. Dignissimos assumenda enim velit id similique iure consequatur sed. Ullam doloremque ullam ut quos ut porro non.', 0, '2019-03-03 03:27:11', '2019-03-03 03:27:11'),
(126, 89, 'Amani Bernier', 'Eius commodi debitis qui assumenda. Vero repellendus saepe autem cupiditate. Et fugit harum aperiam temporibus.', 2, '2019-03-03 03:27:11', '2019-03-03 03:27:11'),
(127, 71, 'Miss Leora Luettgen V', 'Dolorem expedita quia natus quo eum ipsum dolores. Omnis nobis voluptates est quam architecto. Sit magni impedit recusandae facilis qui ea qui aut. Autem ex doloremque assumenda provident et aut aliquam.', 5, '2019-03-03 03:27:11', '2019-03-03 03:27:11'),
(128, 28, 'Prof. Sedrick Hammes DVM', 'Est vitae quisquam perferendis soluta aut et quam vel. Quae omnis facilis quaerat nesciunt voluptas cum accusamus ratione. Sed nam eligendi repudiandae vitae dolorem laudantium molestiae.', 3, '2019-03-03 03:27:11', '2019-03-03 03:27:11'),
(129, 74, 'Lavern Nikolaus', 'Consequatur rerum voluptatem vel ab delectus assumenda. Quod numquam quidem similique consectetur eligendi rem. Suscipit tenetur sed quasi autem quis laudantium repudiandae.', 2, '2019-03-03 03:27:11', '2019-03-03 03:27:11'),
(130, 39, 'Melany McCullough Jr.', 'Fuga quo impedit quia. Omnis est corporis voluptas deleniti optio. Nemo ut itaque et est ea eos. Dolorum earum quisquam laudantium qui.', 1, '2019-03-03 03:27:11', '2019-03-03 03:27:11'),
(131, 2, 'Prof. Vernon Rosenbaum Jr.', 'Nihil rem illo numquam ea iure. Maxime vel qui iure velit saepe pariatur.', 5, '2019-03-03 03:27:11', '2019-03-03 03:27:11'),
(132, 97, 'Armand Jacobson', 'Temporibus dolor quisquam et sit. Excepturi blanditiis rerum quia atque. Reiciendis debitis blanditiis error totam quasi. Tenetur laboriosam illo dolores facilis saepe.', 1, '2019-03-03 03:27:11', '2019-03-03 03:27:11'),
(133, 60, 'Pauline Gulgowski', 'Asperiores dolores consequatur facere occaecati odit deserunt. Quaerat veniam reprehenderit pariatur qui atque accusamus nihil. Eaque assumenda id qui porro eos eos.', 4, '2019-03-03 03:27:11', '2019-03-03 03:27:11'),
(134, 8, 'Dr. Minnie Stroman DVM', 'Labore minima officiis et libero ipsum delectus similique. Rerum nostrum in mollitia voluptatem. Explicabo corrupti ut earum fugiat est consequatur maiores.', 1, '2019-03-03 03:27:11', '2019-03-03 03:27:11'),
(135, 85, 'Florine Graham', 'Reprehenderit aliquid earum sapiente blanditiis voluptas. Blanditiis reprehenderit dolores ut nemo nulla.', 5, '2019-03-03 03:27:11', '2019-03-03 03:27:11'),
(136, 98, 'Dorothy Kerluke', 'Voluptas eum corporis quia qui incidunt ipsam. Aut quo aliquid quibusdam sed porro. Exercitationem sunt voluptatum nisi provident qui.', 1, '2019-03-03 03:27:11', '2019-03-03 03:27:11'),
(137, 83, 'Ashleigh Rau Jr.', 'Dolores ullam nihil dolorem qui natus excepturi delectus sint. Aut inventore alias non. Repellendus sapiente et ullam alias. Dolores nihil consequatur incidunt est aut soluta.', 0, '2019-03-03 03:27:11', '2019-03-03 03:27:11'),
(138, 74, 'Asa Schmeler', 'Enim expedita sunt ut magnam optio eos expedita. Numquam esse rerum eaque commodi voluptate eius harum. Minima aspernatur ipsam quo. Pariatur debitis autem quis aliquam repellat debitis recusandae.', 4, '2019-03-03 03:27:11', '2019-03-03 03:27:11'),
(139, 91, 'Jarod Kautzer', 'Voluptatem molestiae ad qui veritatis voluptas. Ea ullam facilis qui illum eaque iure aut distinctio. Soluta occaecati accusamus ea reiciendis nobis vitae. Sed sunt totam quaerat.', 2, '2019-03-03 03:27:11', '2019-03-03 03:27:11'),
(140, 68, 'Arno Jakubowski', 'Quo quos quisquam quo soluta quos ipsam. Autem et odit voluptatum quia nostrum. Expedita et deleniti officia enim.', 0, '2019-03-03 03:27:11', '2019-03-03 03:27:11'),
(141, 96, 'Howell Balistreri', 'Officia et cum exercitationem culpa ut reprehenderit a cum. Voluptas eum qui in dicta et eveniet est. Vel at mollitia maxime nam.', 5, '2019-03-03 03:27:11', '2019-03-03 03:27:11'),
(142, 13, 'Dr. Morris Schuppe V', 'Sint consequuntur nobis accusamus. Ipsa qui est et ut aliquid et qui. Consequuntur quia animi dolor voluptatem. Debitis omnis non itaque quia reiciendis.', 5, '2019-03-03 03:27:11', '2019-03-03 03:27:11'),
(143, 74, 'Jairo Schoen', 'Distinctio atque ipsum sunt est tempore. Alias aliquam sunt placeat est quis. Recusandae accusamus sapiente ab rerum.', 5, '2019-03-03 03:27:11', '2019-03-03 03:27:11'),
(144, 51, 'Dr. Sierra Roberts', 'Consectetur et consequuntur sunt eveniet voluptatem sit veritatis explicabo. Quam voluptas facere consectetur iusto ut. Et repellat debitis voluptas cumque. Praesentium quia doloribus quia non modi nobis. Repellendus voluptatem quia possimus.', 3, '2019-03-03 03:27:11', '2019-03-03 03:27:11'),
(145, 33, 'Franz Leuschke', 'Accusantium repellendus eos eum earum maiores voluptatibus non. Odit corporis recusandae delectus quidem at sint. Repellat voluptatem numquam neque asperiores quod recusandae minus iste.', 3, '2019-03-03 03:27:11', '2019-03-03 03:27:11'),
(146, 73, 'Tod Hodkiewicz', 'Iusto ullam deleniti ut et atque quae. Voluptas ut dolorem soluta reprehenderit soluta. Dolores occaecati delectus deserunt quos. Nulla praesentium perferendis deleniti cumque voluptatem ut sunt. Molestiae eum doloremque unde ut quo.', 2, '2019-03-03 03:27:11', '2019-03-03 03:27:11'),
(147, 45, 'Ms. Amie Ferry III', 'Saepe voluptatum distinctio in omnis. Tempore non asperiores fuga est. Inventore facere quod aut aliquam qui iste culpa. Non nesciunt sunt sunt.', 1, '2019-03-03 03:27:11', '2019-03-03 03:27:11'),
(148, 31, 'Ladarius Ebert', 'Rerum velit qui rem esse. Veritatis voluptates eum consequuntur sit eum voluptates voluptatem repudiandae. Quam et repudiandae vero a saepe omnis. Qui nulla nihil expedita et voluptatum illo dignissimos.', 4, '2019-03-03 03:27:11', '2019-03-03 03:27:11'),
(149, 97, 'Lane Huels PhD', 'Et soluta odio voluptatem aut dignissimos sunt repudiandae. Harum quos molestias ut quas. Inventore est voluptatibus voluptate ea molestiae.', 4, '2019-03-03 03:27:11', '2019-03-03 03:27:11'),
(150, 35, 'Erica Bode', 'Consequuntur quaerat ut quas id. Dolor non ratione consectetur. Fuga tempore saepe sint corporis.', 4, '2019-03-03 03:27:12', '2019-03-03 03:27:12'),
(151, 11, 'Emmanuelle Lesch', 'Nobis autem quia ea. Maiores consequuntur distinctio alias ratione iusto non ut. Labore illo fuga id et architecto.', 5, '2019-03-03 03:27:12', '2019-03-03 03:27:12'),
(152, 73, 'Mr. Monte Ernser', 'Harum et animi quis dolore maxime. Qui est laborum quasi accusamus non.', 1, '2019-03-03 03:27:12', '2019-03-03 03:27:12'),
(153, 60, 'Mr. Destin Upton II', 'Repudiandae pariatur maxime nobis officia repudiandae odit aut voluptatem. Quam expedita distinctio at sapiente similique optio ducimus. Repellendus aut consequatur nobis sunt et quidem.', 3, '2019-03-03 03:27:12', '2019-03-03 03:27:12'),
(154, 93, 'Dr. Jannie Beier I', 'Omnis deserunt velit magni quasi. Laboriosam ut veritatis officiis dolores eos. Explicabo omnis vero esse nulla. Totam iure illo nam sint aut.', 0, '2019-03-03 03:27:12', '2019-03-03 03:27:12'),
(155, 86, 'Dr. Rafael Schaden PhD', 'Qui consequatur autem veritatis officiis ea. Hic velit consequatur perferendis qui iusto ut. Autem dolorem odio omnis veniam delectus repudiandae itaque quam.', 2, '2019-03-03 03:27:12', '2019-03-03 03:27:12'),
(156, 88, 'Mr. Christ Blick DVM', 'Libero aliquam velit aut. Rerum quidem non et ipsum. Eum assumenda nam repellat sed. Earum in sit molestiae ad.', 4, '2019-03-03 03:27:12', '2019-03-03 03:27:12'),
(157, 75, 'Layne Corkery', 'Vitae sit deleniti sint quisquam enim reiciendis aut. Facilis occaecati quo dicta ipsa quis a ducimus. Et vel maiores quidem officiis aut quo dolorem.', 3, '2019-03-03 03:27:12', '2019-03-03 03:27:12'),
(158, 94, 'Rex Mante', 'Itaque beatae sit dicta eos et. Magni error exercitationem reiciendis voluptates aut est. Doloremque quia enim consequatur enim quisquam omnis officiis.', 0, '2019-03-03 03:27:12', '2019-03-03 03:27:12'),
(159, 81, 'Bernard Reynolds II', 'Vero alias delectus placeat magnam et quidem soluta. Voluptas delectus rerum expedita quaerat. Commodi architecto earum sit natus consequuntur perspiciatis cumque consequatur.', 5, '2019-03-03 03:27:12', '2019-03-03 03:27:12'),
(160, 8, 'Melba Harris', 'Sequi sed et sint recusandae quisquam. Saepe est sit quae aperiam. Rerum velit ullam est accusamus rem. Molestiae ut non sint quidem.', 3, '2019-03-03 03:27:12', '2019-03-03 03:27:12'),
(161, 87, 'Layla Dickens MD', 'Quo pariatur placeat quis. Similique non quis perspiciatis nam quia. Dolorem eligendi id aliquid ut quidem aut. Nostrum et deleniti vero sit enim omnis.', 0, '2019-03-03 03:27:12', '2019-03-03 03:27:12'),
(162, 68, 'Emilie Hessel', 'Vitae blanditiis ab ullam sit adipisci natus consequatur. Placeat dolorem eligendi harum quia sit odio sit. Quod praesentium nulla omnis totam accusamus id.', 3, '2019-03-03 03:27:12', '2019-03-03 03:27:12'),
(163, 6, 'Kaitlin Johnson', 'Excepturi rem sint quae qui similique aliquam. Id unde enim ullam ea dignissimos. Cupiditate aliquid aut praesentium aspernatur est.', 3, '2019-03-03 03:27:12', '2019-03-03 03:27:12'),
(164, 15, 'Gino Will', 'Distinctio et perspiciatis ab consectetur. Maiores quisquam sequi eos vero. Excepturi ipsum sint unde sunt.', 5, '2019-03-03 03:27:12', '2019-03-03 03:27:12'),
(165, 7, 'Carroll Stark', 'Debitis assumenda non possimus illo fuga temporibus facere voluptatem. Natus debitis quam in ipsa voluptatibus unde qui vero. Velit voluptas possimus facilis.', 3, '2019-03-03 03:27:12', '2019-03-03 03:27:12'),
(166, 14, 'Kaycee Hand', 'Commodi est odit est saepe sit. Aspernatur numquam corporis sunt iste consectetur eaque magnam ut. Rerum in dolorum vero error. Et vitae rerum quae.', 2, '2019-03-03 03:27:12', '2019-03-03 03:27:12'),
(167, 32, 'Prof. Robert Doyle I', 'Nihil aut odit qui cumque excepturi eaque. Debitis aut unde qui et. Neque optio animi saepe suscipit et.', 0, '2019-03-03 03:27:12', '2019-03-03 03:27:12'),
(168, 9, 'Jena Blick', 'Eos illo ut sed odio est voluptas. Ut autem nihil ea consequatur rerum. Aut dolore impedit occaecati rerum adipisci reprehenderit. Velit quam nam iste est velit qui.', 1, '2019-03-03 03:27:12', '2019-03-03 03:27:12'),
(169, 27, 'Remington Pollich', 'Culpa distinctio sed delectus. Illum ea sunt est blanditiis. Enim nesciunt est optio deserunt.', 4, '2019-03-03 03:27:12', '2019-03-03 03:27:12'),
(170, 42, 'Dr. Antonia Bayer', 'Rerum et sed praesentium sit similique. Error laudantium architecto nemo debitis ad consequatur qui. Aut minima reprehenderit non veritatis. Aperiam occaecati aut error accusamus rerum cum tenetur. Est expedita molestiae modi.', 4, '2019-03-03 03:27:12', '2019-03-03 03:27:12'),
(171, 94, 'Dr. Vance Renner V', 'Quo blanditiis consectetur consequatur cupiditate omnis. Et repellendus iusto reprehenderit rerum expedita sit. Officia est totam id officiis nesciunt quia.', 2, '2019-03-03 03:27:12', '2019-03-03 03:27:12'),
(172, 59, 'Conor Wiegand', 'Fugiat et ipsa recusandae ut fugit. Repellendus illo reprehenderit perferendis deleniti. Voluptatem id sit impedit voluptatibus facere. Natus rerum neque debitis illo veniam labore.', 2, '2019-03-03 03:27:12', '2019-03-03 03:27:12'),
(173, 100, 'Rossie Hayes I', 'Quis nostrum et quam. Ut ut qui tenetur et hic omnis et voluptatibus. Et perferendis et enim assumenda. Iusto velit aut iure earum.', 4, '2019-03-03 03:27:12', '2019-03-03 03:27:12'),
(174, 30, 'Mrs. Layla Stark', 'Culpa nulla quia reiciendis optio recusandae rem. Eos id ea omnis. Libero reprehenderit atque dolorum totam saepe id quia. Voluptatum rerum et ducimus voluptas ut.', 1, '2019-03-03 03:27:12', '2019-03-03 03:27:12'),
(175, 32, 'Keenan Considine', 'Maiores in perferendis aut quis doloribus recusandae. Ut et dolorum et nisi suscipit. Impedit nostrum voluptatem dolor occaecati tempore et necessitatibus. Non ullam laudantium voluptatibus ut fuga harum.', 2, '2019-03-03 03:27:12', '2019-03-03 03:27:12'),
(176, 97, 'Carmen Bernhard', 'Omnis illum cupiditate in nobis. Ut quos aperiam perspiciatis iure fugiat.', 5, '2019-03-03 03:27:12', '2019-03-03 03:27:12'),
(177, 9, 'Colleen Satterfield', 'Non non ratione cupiditate ullam a natus dolore. Officiis voluptatem ut quia.', 1, '2019-03-03 03:27:13', '2019-03-03 03:27:13'),
(178, 68, 'Percy Wisoky', 'Quod consequatur eos reprehenderit laudantium. Hic sint voluptas repellat quisquam ut placeat corrupti. Quaerat facere a qui magnam qui totam.', 3, '2019-03-03 03:27:13', '2019-03-03 03:27:13'),
(179, 43, 'Madison Goyette', 'Eaque incidunt earum ab velit repellat vel deleniti. Itaque quo necessitatibus nemo temporibus laborum qui. Odit error distinctio aliquam enim qui.', 2, '2019-03-03 03:27:13', '2019-03-03 03:27:13'),
(180, 27, 'Vladimir Harvey', 'Totam dolores occaecati nobis quae quasi. Cum saepe debitis eum. Quis aspernatur praesentium fugiat soluta.', 4, '2019-03-03 03:27:13', '2019-03-03 03:27:13'),
(181, 70, 'Wendy Grady MD', 'Eligendi provident cum alias harum. Animi rerum impedit dolor hic et. Ut doloremque officiis quo blanditiis suscipit impedit.', 0, '2019-03-03 03:27:13', '2019-03-03 03:27:13'),
(182, 76, 'Suzanne Lockman', 'Perferendis non nemo iste nemo. Ratione quis et cumque dignissimos nemo. Laborum quis eaque suscipit repellendus iste sint.', 2, '2019-03-03 03:27:13', '2019-03-03 03:27:13'),
(183, 85, 'Lucas Ferry', 'Ipsa dolores optio quaerat sit reprehenderit. Ex sapiente nemo voluptatum non et. Nihil sequi corrupti inventore qui cumque quo. Qui corrupti non rerum blanditiis nemo dolor dolorum.', 4, '2019-03-03 03:27:13', '2019-03-03 03:27:13'),
(184, 6, 'Mr. Arturo Kling', 'Enim necessitatibus beatae neque nostrum aperiam velit architecto. Quis exercitationem soluta consectetur ut ut. Quibusdam quia commodi ut voluptatem aut doloremque.', 4, '2019-03-03 03:27:13', '2019-03-03 03:27:13'),
(185, 6, 'Linnie West', 'Itaque molestiae aspernatur sint natus repellat. Quaerat totam nostrum sed et. Minus alias officia nobis sed explicabo fugit.', 0, '2019-03-03 03:27:13', '2019-03-03 03:27:13'),
(186, 50, 'Sallie Will', 'Inventore voluptas soluta maiores quas. Quasi ipsum explicabo et voluptatibus modi non est deserunt. Aspernatur reprehenderit quisquam nihil eius. Totam ad exercitationem autem culpa enim.', 2, '2019-03-03 03:27:13', '2019-03-03 03:27:13'),
(187, 83, 'Prof. Leila Kohler Sr.', 'Porro et et in rerum. Eius nobis saepe earum excepturi deserunt et recusandae quo. Repellendus pariatur omnis placeat.', 3, '2019-03-03 03:27:13', '2019-03-03 03:27:13'),
(188, 42, 'Anastasia Boyle', 'Molestiae aut saepe ut quia. Eaque quia quam velit voluptatem quis architecto. Aut sed ut quia id rerum perspiciatis vero voluptatum. Sunt asperiores consequuntur deleniti nesciunt. Culpa quos temporibus reprehenderit non nobis magnam.', 1, '2019-03-03 03:27:13', '2019-03-03 03:27:13'),
(189, 46, 'Dr. Dawn Heathcote Sr.', 'Omnis ut quo rem eius. Porro possimus molestias unde quia velit. Itaque cum sit vel est. Error officiis voluptates voluptate harum velit porro cum a.', 5, '2019-03-03 03:27:13', '2019-03-03 03:27:13'),
(190, 75, 'Mrs. Daniella Tillman', 'Voluptatem mollitia maxime nesciunt et rerum nesciunt voluptatem. Inventore qui sint ipsum qui illum quia aliquid.', 4, '2019-03-03 03:27:13', '2019-03-03 03:27:13'),
(191, 19, 'Lesley Smith V', 'Sed incidunt dolorem ea similique vel exercitationem non sint. Veritatis aut quia quia velit quia qui eaque. Perspiciatis fugit ea quae iste mollitia voluptatem. Illo saepe dolor iure similique.', 0, '2019-03-03 03:27:13', '2019-03-03 03:27:13'),
(192, 34, 'Horace Schmeler', 'In et autem cum eius nostrum magnam. Et sint excepturi neque in. Qui exercitationem accusamus voluptas ratione quam consequatur quo.', 1, '2019-03-03 03:27:13', '2019-03-03 03:27:13'),
(193, 4, 'Jada Moen', 'Et incidunt illum sunt quia quis tenetur facere rem. Eligendi et provident sint et. Nihil itaque consequatur quidem ut ut ipsam ducimus. Eaque iusto et vel mollitia ratione sed ut.', 1, '2019-03-03 03:27:13', '2019-03-03 03:27:13'),
(194, 32, 'Emmalee Witting', 'Consequatur eaque minus illo aliquam consequatur est aspernatur. Aut et sint quos. Officia voluptas quasi consequatur impedit commodi quibusdam.', 5, '2019-03-03 03:27:13', '2019-03-03 03:27:13'),
(195, 28, 'Ariel Gutkowski', 'Nihil a itaque iste. Adipisci eius aut iure. Eius aut vel eos rerum laudantium.', 0, '2019-03-03 03:27:13', '2019-03-03 03:27:13'),
(196, 36, 'Mrs. Amira Thompson PhD', 'Qui suscipit et unde. Ipsum repellat dolorem ut dolorem qui numquam et ea. Blanditiis natus omnis nobis ut. Doloribus consectetur eveniet molestiae repellendus ducimus qui et.', 0, '2019-03-03 03:27:13', '2019-03-03 03:27:13'),
(197, 3, 'Ryder Skiles', 'Perspiciatis quia aut at. Fugiat et voluptas ut pariatur architecto perspiciatis quae.', 1, '2019-03-03 03:27:13', '2019-03-03 03:27:13'),
(198, 79, 'Doris McGlynn', 'Recusandae amet optio aut molestiae. Perferendis molestias minus laborum inventore. Omnis enim aspernatur animi aspernatur ipsa dolores.', 2, '2019-03-03 03:27:13', '2019-03-03 03:27:13'),
(199, 50, 'Dr. Lupe Cole I', 'Consequatur qui quia eum vero tenetur velit. Quia distinctio doloribus id. Perspiciatis iusto voluptatem neque eum ut. Ut velit at dolores qui quas. Ea molestias consectetur neque.', 1, '2019-03-03 03:27:13', '2019-03-03 03:27:13'),
(200, 74, 'Dee Gaylord', 'Eius maiores occaecati cupiditate ut. Velit minus nesciunt facilis est et. Quidem consequatur omnis est vitae nobis.', 4, '2019-03-03 03:27:13', '2019-03-03 03:27:13'),
(201, 86, 'Demetris Jacobi', 'Laudantium et dolores facere quia et quia sapiente. Aut aut aperiam sed repellendus est. Tempore sed dolores adipisci ut recusandae beatae. Ratione officiis voluptate iusto et et.', 2, '2019-03-03 03:27:13', '2019-03-03 03:27:13'),
(202, 73, 'Audrey Doyle DVM', 'Dolore tenetur quasi nihil cupiditate et aut labore. Sunt animi dolores aut architecto et eum vitae. Voluptatum totam quisquam dolorum.', 1, '2019-03-03 03:27:13', '2019-03-03 03:27:13'),
(203, 68, 'Harry Marquardt', 'Quibusdam et eum quos. Quasi et repellendus ratione accusantium blanditiis omnis. Consequatur laboriosam occaecati iure quo error. Dolores porro aspernatur exercitationem maiores explicabo doloribus et.', 3, '2019-03-03 03:27:13', '2019-03-03 03:27:13'),
(204, 68, 'Aniyah Torphy', 'Aut enim earum quod voluptate enim explicabo. Aspernatur a rem culpa explicabo quia aliquam. Iusto facilis ad impedit animi.', 3, '2019-03-03 03:27:14', '2019-03-03 03:27:14'),
(205, 51, 'Mr. Hershel Osinski I', 'Rem quisquam voluptas consequatur adipisci. Sed neque reiciendis necessitatibus in. Repellendus odio veniam atque quia. Ea non ut modi fugit corrupti eos.', 5, '2019-03-03 03:27:14', '2019-03-03 03:27:14'),
(206, 40, 'Royal Wisozk I', 'Dolorum numquam odit magni quasi. Dolore dolores rerum labore eligendi ut quam ducimus. Et ullam ad dolorem molestiae. Porro beatae tenetur libero est omnis explicabo et.', 2, '2019-03-03 03:27:14', '2019-03-03 03:27:14'),
(207, 82, 'Nicholas Orn IV', 'Aliquam non veritatis rerum cumque magnam iusto. Magnam quasi architecto ut est iste quo eligendi nesciunt. Id voluptatum quas asperiores vitae. Reiciendis atque facere consequatur.', 1, '2019-03-03 03:27:14', '2019-03-03 03:27:14');
INSERT INTO `reviews` (`id`, `product_id`, `customer`, `review`, `star`, `created_at`, `updated_at`) VALUES
(208, 52, 'Kian Harvey', 'Omnis officiis distinctio libero ex iure praesentium nobis atque. Optio suscipit omnis sunt inventore. Quod consequatur repellat totam ut. Corrupti et velit officiis commodi magnam nobis adipisci alias.', 5, '2019-03-03 03:27:14', '2019-03-03 03:27:14'),
(209, 68, 'Bobby Zboncak', 'Est quas saepe impedit sapiente. Sint placeat eveniet ut sit exercitationem ut nihil. Et quia adipisci autem ut.', 3, '2019-03-03 03:27:14', '2019-03-03 03:27:14'),
(210, 73, 'Dr. Jayme Breitenberg', 'Rerum velit similique occaecati aut illum vitae quibusdam vel. Odit consequatur velit et voluptates dicta architecto. Consequatur omnis culpa incidunt quasi perspiciatis et illum. Sequi sit impedit numquam quidem et rerum dolore.', 3, '2019-03-03 03:27:14', '2019-03-03 03:27:14'),
(211, 19, 'Sasha Haag DDS', 'Voluptatem et aut quo accusantium iure omnis. Qui inventore necessitatibus aut. Eius temporibus consectetur inventore.', 5, '2019-03-03 03:27:14', '2019-03-03 03:27:14'),
(212, 80, 'Eryn Vandervort', 'Eos et sit debitis sint esse. Hic quibusdam quaerat eos. Est fuga laboriosam aut aspernatur est.', 0, '2019-03-03 03:27:14', '2019-03-03 03:27:14'),
(213, 41, 'Rico Zboncak', 'Qui quia et ullam. Assumenda eum vitae repudiandae qui voluptatem excepturi distinctio. Non voluptatem magnam corrupti voluptas et sit voluptas. Fugiat sequi qui placeat aut eum adipisci est.', 2, '2019-03-03 03:27:14', '2019-03-03 03:27:14'),
(214, 20, 'Tyrique Paucek', 'Harum et explicabo quidem temporibus at non quas. Harum laudantium voluptas modi eveniet id. Laborum quasi ab veritatis distinctio ea sint qui. Voluptate consequuntur natus aut eos suscipit optio non.', 0, '2019-03-03 03:27:14', '2019-03-03 03:27:14'),
(215, 50, 'Arely Jaskolski', 'Qui non fugit est cumque ut. Dicta tempore distinctio atque inventore quia illo nihil. Sunt quos eum omnis qui voluptatem repellat dolorum.', 1, '2019-03-03 03:27:14', '2019-03-03 03:27:14'),
(216, 11, 'Mrs. Natasha Stehr MD', 'Sit itaque aut minus numquam sunt. Eos delectus quo eum reiciendis adipisci esse qui error. Similique qui ut ipsam architecto tempora et.', 1, '2019-03-03 03:27:14', '2019-03-03 03:27:14'),
(217, 11, 'Prof. Liliane Sporer', 'Ut enim sunt sapiente quis. Sit magnam quis quia quod est cumque officia laudantium. Ut soluta ipsa dolorem ipsam aut. Et quis ipsa et at voluptatum et accusantium velit.', 1, '2019-03-03 03:27:14', '2019-03-03 03:27:14'),
(218, 76, 'Markus Bayer', 'Qui minima velit expedita sunt nihil. Doloremque mollitia voluptatum molestiae sunt quo. Est perferendis magnam recusandae quidem voluptatibus est voluptatum. Itaque corrupti quibusdam consequatur est nemo sint ipsa.', 2, '2019-03-03 03:27:14', '2019-03-03 03:27:14'),
(219, 89, 'Tatyana Ullrich', 'Praesentium ut dolores officiis rerum. Consequuntur cupiditate qui mollitia nesciunt eum modi. Maiores distinctio nemo beatae est. Id laborum voluptatibus odio nesciunt nemo minus unde.', 5, '2019-03-03 03:27:14', '2019-03-03 03:27:14'),
(220, 99, 'Kylee King', 'Porro quibusdam veniam iure consequuntur. Non animi culpa labore exercitationem et perspiciatis. Expedita facilis incidunt consequatur laborum a nam recusandae.', 1, '2019-03-03 03:27:14', '2019-03-03 03:27:14'),
(221, 44, 'Ms. Kallie Abernathy V', 'Accusantium harum laudantium enim ut et inventore eum. At vel ipsam qui rerum officiis unde. Laudantium in modi velit adipisci.', 2, '2019-03-03 03:27:14', '2019-03-03 03:27:14'),
(222, 89, 'Quentin Weimann', 'Accusamus enim placeat illo id fugit officia. Molestias deleniti officia quae numquam culpa et. Facilis non sint corrupti sunt optio ut sit sed.', 5, '2019-03-03 03:27:14', '2019-03-03 03:27:14'),
(223, 25, 'Victor Larson', 'A architecto qui quo sed ut minima omnis sed. Omnis laboriosam quam officiis itaque eos adipisci.', 5, '2019-03-03 03:27:14', '2019-03-03 03:27:14'),
(224, 54, 'Amely Weimann DDS', 'Dolorem omnis cum eveniet aperiam non culpa. Voluptatem nihil quos tempora. Doloremque consequatur saepe laborum reiciendis. Quas fugit dolore error quod dolorem sit dolores.', 0, '2019-03-03 03:27:14', '2019-03-03 03:27:14'),
(225, 91, 'Maribel Schoen', 'Quis id recusandae tenetur quidem nobis. Veniam ullam tenetur ut voluptatem illum est.', 0, '2019-03-03 03:27:14', '2019-03-03 03:27:14'),
(226, 9, 'Miss Irma Mertz I', 'Corporis aperiam et laudantium itaque rerum laborum ex. Est est et rerum incidunt. Aut non maiores non voluptate quod et. Qui qui enim explicabo rem eaque libero aliquam.', 0, '2019-03-03 03:27:14', '2019-03-03 03:27:14'),
(227, 49, 'Ronny Feest IV', 'Quidem est eum quidem qui qui doloremque et vero. Unde dignissimos exercitationem eaque. Veniam maxime et et voluptatem neque ut.', 3, '2019-03-03 03:27:14', '2019-03-03 03:27:14'),
(228, 76, 'Dr. Cruz O\'Conner DDS', 'Dolore porro assumenda excepturi tempora corporis beatae omnis. Sapiente et quibusdam asperiores nihil. Rem dolore ipsam ut quidem.', 0, '2019-03-03 03:27:14', '2019-03-03 03:27:14'),
(229, 23, 'Jameson Kerluke', 'Voluptatem hic saepe quam ab est. Deserunt et facilis est ipsa. Vel laborum nam omnis. Sit aut iure soluta cupiditate enim.', 1, '2019-03-03 03:27:14', '2019-03-03 03:27:14'),
(230, 87, 'Miss Shirley Batz', 'Soluta quia similique repudiandae eum. Qui cupiditate rem expedita aut ratione eos consequatur. Sunt aut autem id accusamus aut et quisquam laudantium.', 0, '2019-03-03 03:27:14', '2019-03-03 03:27:14'),
(231, 1, 'Dixie Kub', 'Cumque reprehenderit praesentium id facere non vitae ut. Totam animi facilis dolore aliquam sunt nulla. Dolor consequatur vitae magni quia.', 2, '2019-03-03 03:27:15', '2019-03-03 03:27:15'),
(232, 93, 'Oscar Dickinson', 'Distinctio repudiandae fugiat id ratione. Molestiae modi sunt modi quis rem quae et et. Recusandae cumque iure quibusdam sit rerum et.', 2, '2019-03-03 03:27:15', '2019-03-03 03:27:15'),
(233, 27, 'Macie Graham IV', 'Est dolorum voluptatum officia dolor quasi. Exercitationem officiis officia ea qui quos aut consequatur.', 4, '2019-03-03 03:27:15', '2019-03-03 03:27:15'),
(234, 2, 'Dovie Marks', 'Saepe amet corrupti eos eos ut nobis odio. Rem dolorum quia ex dolore aut fuga. Dolor modi veniam sit eveniet eaque incidunt rerum. Quis ut dolores ut aut.', 1, '2019-03-03 03:27:15', '2019-03-03 03:27:15'),
(235, 15, 'Prof. Cindy Cremin Sr.', 'Laboriosam reiciendis voluptas aut deserunt. Impedit aliquid labore magnam debitis. Est vel eveniet qui nihil. Sunt id nisi voluptatem deleniti quia.', 5, '2019-03-03 03:27:15', '2019-03-03 03:27:15'),
(236, 36, 'Justice Klein', 'Iusto nulla eveniet temporibus ratione ut velit. Saepe eius corporis esse beatae labore nobis. Aut in et aut qui ipsum exercitationem veniam. Aspernatur ipsa dolore aliquid odit sed.', 2, '2019-03-03 03:27:15', '2019-03-03 03:27:15'),
(237, 80, 'Mozelle Kuvalis', 'Sed totam quibusdam temporibus nesciunt commodi earum et. Non officiis necessitatibus culpa iure nulla aliquam. Ad rem occaecati ut vero dolores nihil.', 3, '2019-03-03 03:27:15', '2019-03-03 03:27:15'),
(238, 9, 'Miss Margarita Considine I', 'Eligendi eligendi autem omnis aut quod. Sint vel commodi blanditiis. Unde assumenda consequatur deleniti beatae similique. Atque et beatae molestiae quod rem eveniet omnis assumenda.', 1, '2019-03-03 03:27:15', '2019-03-03 03:27:15'),
(239, 85, 'Karelle Halvorson', 'Eum necessitatibus non aut quis dolorem ut. Esse non veritatis ipsum quia id voluptatem repudiandae corporis. Dolore est sed et hic cupiditate beatae veritatis.', 2, '2019-03-03 03:27:15', '2019-03-03 03:27:15'),
(240, 86, 'Timmy Wolf I', 'Optio ab accusantium quia fugit quisquam quod officiis. Sint laborum et voluptatum velit nihil perferendis non nihil. Id amet unde laboriosam.', 2, '2019-03-03 03:27:15', '2019-03-03 03:27:15'),
(241, 26, 'Dr. Kamren Considine IV', 'Eos et consequuntur repellendus hic rem magni. Et facere vel ut. Eveniet cum ipsa et voluptas iure fugiat. Natus molestiae enim minus voluptatem perspiciatis. Quia quas iusto nihil quaerat cumque quia.', 5, '2019-03-03 03:27:15', '2019-03-03 03:27:15'),
(242, 27, 'Stuart Yost', 'Aliquid eum aut et possimus iste sunt. Autem amet quo quia rerum nihil recusandae. Labore voluptatem rerum explicabo quas. Dolor perspiciatis commodi veritatis numquam.', 2, '2019-03-03 03:27:15', '2019-03-03 03:27:15'),
(243, 97, 'Prof. Gilbert Bogisich DDS', 'Et a sint ut tempore. Modi iste ut commodi pariatur. Tempora dolores rerum sit veritatis earum numquam.', 0, '2019-03-03 03:27:15', '2019-03-03 03:27:15'),
(244, 99, 'Miss Ernestina White', 'Neque omnis magni distinctio nesciunt autem. At voluptatibus tempore ullam nisi eius atque ut.', 3, '2019-03-03 03:27:15', '2019-03-03 03:27:15'),
(245, 54, 'Mrs. Alta Bosco V', 'Corrupti et illum voluptas voluptas sed maiores excepturi. Nobis debitis eum ut aut tempora doloremque non voluptas. Qui nostrum earum voluptate vero qui officiis minus.', 2, '2019-03-03 03:27:15', '2019-03-03 03:27:15'),
(246, 99, 'Ms. Emelia Lowe', 'Aut quia voluptatem eius temporibus eos expedita voluptatum. Vitae voluptate voluptate eum temporibus ut blanditiis. Reiciendis quia inventore voluptatum nulla ratione.', 2, '2019-03-03 03:27:15', '2019-03-03 03:27:15'),
(247, 8, 'Corrine Towne', 'Iure laudantium quia soluta ex repellat id. Possimus possimus reprehenderit et nemo sunt consequatur. Dignissimos aut ipsa possimus provident velit est incidunt.', 3, '2019-03-03 03:27:15', '2019-03-03 03:27:15'),
(248, 46, 'Pearline Wolf', 'Magnam quisquam consequatur laboriosam labore iusto sed sed. Cumque pariatur cupiditate voluptatem non cum inventore eos. Sunt rem tempore repudiandae officia quis voluptatem nihil. Et excepturi in dolor et dolorem.', 4, '2019-03-03 03:27:15', '2019-03-03 03:27:15'),
(249, 40, 'Luna Thiel', 'Nesciunt est reiciendis est sint dolorem occaecati. Saepe sapiente explicabo minima laboriosam maiores. Tenetur consequuntur qui aperiam facilis.', 3, '2019-03-03 03:27:15', '2019-03-03 03:27:15'),
(250, 60, 'Therese Dare DDS', 'Quia autem quidem consequatur eaque atque ad vel. Voluptates qui corrupti fugiat expedita. Autem in est incidunt et.', 0, '2019-03-03 03:27:15', '2019-03-03 03:27:15'),
(251, 88, 'Kevon Johnston DDS', 'Vero sit mollitia quas cupiditate sint modi. Eos quia similique molestiae cupiditate nam consectetur. Adipisci rerum id quam aliquid quae. Non nihil in accusantium eum cum molestiae saepe.', 2, '2019-03-03 03:27:15', '2019-03-03 03:27:15'),
(252, 78, 'Jeanette Ferry', 'Quae hic et debitis. A veniam itaque rerum sed non.', 2, '2019-03-03 03:27:15', '2019-03-03 03:27:15'),
(253, 74, 'Mrs. Cathy Eichmann', 'Iste quia et aut. Voluptas laboriosam omnis temporibus dolorem. Autem nihil rerum facere. Nesciunt maxime qui alias qui eum ex vitae.', 4, '2019-03-03 03:27:15', '2019-03-03 03:27:15'),
(254, 69, 'Carole Schaden', 'Sunt blanditiis et quos aut doloribus. Labore velit voluptas eum repellendus molestiae magni quia. Nesciunt rerum explicabo cum id accusantium repellat numquam.', 4, '2019-03-03 03:27:15', '2019-03-03 03:27:15'),
(255, 62, 'Sedrick Yundt', 'Facere unde totam nihil non animi. Eius asperiores sequi qui cum enim est culpa iste. A ipsa sit porro unde delectus maxime deleniti. Nostrum ut aperiam nam hic aut iusto.', 3, '2019-03-03 03:27:15', '2019-03-03 03:27:15'),
(256, 31, 'Davion Kertzmann', 'Deleniti velit nobis nemo rem. Id deleniti aut cumque nisi enim. Consequatur voluptas odit omnis blanditiis alias fuga et.', 0, '2019-03-03 03:27:15', '2019-03-03 03:27:15'),
(257, 78, 'Mr. Clark O\'Kon', 'Unde nihil est quo et nam hic eveniet eos. Est corporis consequatur velit cumque. Qui veritatis id consectetur possimus adipisci dolor nihil. Praesentium non consequatur et cumque deleniti architecto. Hic et aut dolorem dolorem aut vero velit.', 0, '2019-03-03 03:27:16', '2019-03-03 03:27:16'),
(258, 72, 'Luna Hodkiewicz', 'Autem repellendus non quae fugiat odit quia. Temporibus voluptas quos doloribus a. Dolorum veniam sint et dolores autem. Deserunt at omnis dolor eos cupiditate molestias.', 3, '2019-03-03 03:27:16', '2019-03-03 03:27:16'),
(259, 47, 'Jewel Greenholt', 'Voluptate iste reiciendis enim sit. Sint nam ut ut omnis rerum impedit. Facilis odit voluptatem autem voluptas animi. Quasi ab ut quam ut eligendi ut dolore debitis.', 3, '2019-03-03 03:27:16', '2019-03-03 03:27:16'),
(260, 58, 'Adolfo Hickle MD', 'Ipsa ducimus quisquam repellat accusamus quos iure. Laudantium eos sed saepe consequatur occaecati ipsam vero. Accusantium est assumenda soluta commodi quis. Sed culpa iusto minima dolore ullam commodi.', 3, '2019-03-03 03:27:16', '2019-03-03 03:27:16'),
(261, 42, 'Daniella Gulgowski', 'Voluptas perferendis ea commodi. Dicta molestiae consequuntur similique quo explicabo. Dicta aut aut est voluptatem iure aut.', 0, '2019-03-03 03:27:16', '2019-03-03 03:27:16'),
(262, 63, 'Herta Nicolas', 'Quam praesentium dolor vel in. Autem ut nisi voluptate placeat. Odio nam magni ut et.', 5, '2019-03-03 03:27:16', '2019-03-03 03:27:16'),
(263, 52, 'Everett Hermiston', 'Vel ab non repellat rerum expedita mollitia perspiciatis aut. Quaerat labore fugit non suscipit pariatur exercitationem facere.', 4, '2019-03-03 03:27:16', '2019-03-03 03:27:16'),
(264, 77, 'Kenya Bailey', 'Voluptas consequatur excepturi autem ut occaecati quis ut quidem. Sunt ut rem quasi perferendis. Dolor assumenda ut iusto consequatur. Ratione ducimus officiis voluptates consequatur autem.', 1, '2019-03-03 03:27:16', '2019-03-03 03:27:16'),
(265, 61, 'Gudrun Wilkinson II', 'Sit iste reprehenderit inventore dolor velit. Nesciunt qui molestias deleniti explicabo aut. Non vitae qui harum.', 5, '2019-03-03 03:27:16', '2019-03-03 03:27:16'),
(266, 74, 'Lillie Bruen', 'Impedit ut ad quia nihil. Est temporibus magnam ipsa accusamus ut expedita et. Reiciendis veritatis iste officiis omnis autem accusamus.', 1, '2019-03-03 03:27:16', '2019-03-03 03:27:16'),
(267, 93, 'Rosella Macejkovic', 'Aut adipisci dignissimos quia. Laborum explicabo debitis earum optio sunt sequi. Ab consequatur reiciendis dolorem ea.', 0, '2019-03-03 03:27:16', '2019-03-03 03:27:16'),
(268, 53, 'Dr. Robin Lebsack II', 'Et quis quidem corrupti voluptas qui. Aliquam tempore laborum aut libero non perferendis omnis. Voluptate est consequatur eius provident aut nostrum corrupti.', 4, '2019-03-03 03:27:16', '2019-03-03 03:27:16'),
(269, 87, 'Amir Orn', 'Est ducimus consequatur laudantium id nemo occaecati nesciunt. Mollitia est eos quis in maxime dolores.', 5, '2019-03-03 03:27:16', '2019-03-03 03:27:16'),
(270, 12, 'Miss Shyann Maggio', 'Recusandae qui quis rem deleniti. Id voluptatem ea quia nobis sed. Error accusantium doloribus rem id.', 3, '2019-03-03 03:27:16', '2019-03-03 03:27:16'),
(271, 41, 'Tod Lind', 'Consectetur dignissimos molestiae repudiandae error consequuntur. Et qui commodi esse optio cupiditate occaecati. Aut fugiat sapiente dolorem.', 0, '2019-03-03 03:27:16', '2019-03-03 03:27:16'),
(272, 89, 'Rylee Kovacek', 'Qui tempore dicta iusto beatae. Iure ipsa repellat doloribus illum consequatur minus. Quia aspernatur voluptatibus id veniam velit id et dolor.', 5, '2019-03-03 03:27:16', '2019-03-03 03:27:16'),
(273, 77, 'Mr. Jarrell Torp', 'Illum eos possimus sit consequatur neque non. Odit magni distinctio vel dolores ut quia. Perspiciatis nostrum magnam eos maxime.', 3, '2019-03-03 03:27:16', '2019-03-03 03:27:16'),
(274, 88, 'Lucious McGlynn', 'Rem rerum magni omnis maxime doloremque vero. Debitis voluptatem numquam sint provident. Omnis reiciendis similique harum odit sed.', 5, '2019-03-03 03:27:16', '2019-03-03 03:27:16'),
(275, 24, 'Mrs. Oceane Weissnat I', 'Autem consequatur quo fuga eligendi maxime dolor numquam. Unde labore esse nostrum est sed laboriosam est. Corporis perspiciatis adipisci unde ea porro id. Est explicabo atque consequatur aperiam.', 5, '2019-03-03 03:27:16', '2019-03-03 03:27:16'),
(276, 17, 'Talon Schmeler', 'Deserunt ut eaque doloremque architecto. Placeat dolor magnam deleniti temporibus et exercitationem rerum. Placeat qui aspernatur provident unde. Est non reprehenderit molestias ipsam dolores amet. Quia sit recusandae in eum in.', 3, '2019-03-03 03:27:16', '2019-03-03 03:27:16'),
(277, 49, 'Vince Schimmel', 'Voluptates qui est corrupti. Id est accusamus inventore autem quis laboriosam aspernatur. Et ex doloribus odit minus rem reprehenderit suscipit. Exercitationem itaque dolor incidunt aut ut.', 5, '2019-03-03 03:27:16', '2019-03-03 03:27:16'),
(278, 12, 'Giovanny Kautzer Sr.', 'Ea ullam sequi laudantium est. Rerum consequatur expedita beatae sit. Vero qui omnis repudiandae sint et cumque.', 1, '2019-03-03 03:27:16', '2019-03-03 03:27:16'),
(279, 16, 'Kyra Walter', 'Expedita et sed facilis tenetur tempore. Sed vel nam quisquam dolores.', 1, '2019-03-03 03:27:16', '2019-03-03 03:27:16'),
(280, 4, 'Rowena Torp', 'Dolores totam eaque quidem mollitia repudiandae voluptatem eum fuga. Et et id et nemo.', 2, '2019-03-03 03:27:16', '2019-03-03 03:27:16'),
(281, 87, 'Miss Alyson King', 'Voluptate temporibus qui cum praesentium. Non quo et ad repudiandae magni voluptatem suscipit voluptate. Voluptatibus accusamus maiores in quo officia occaecati vel. Nihil in et doloribus vero.', 1, '2019-03-03 03:27:17', '2019-03-03 03:27:17'),
(282, 34, 'Miss Cordia Moore', 'Minima nesciunt laboriosam et quidem nam. Molestiae consequatur et libero rerum saepe. Quia et dolore dicta.', 1, '2019-03-03 03:27:17', '2019-03-03 03:27:17'),
(283, 86, 'Jeanette Bosco', 'Eveniet accusantium distinctio deleniti animi delectus. Sint facere quos perferendis exercitationem. Velit iure est est consequatur saepe. Aut esse nemo atque delectus dolore quo sed.', 1, '2019-03-03 03:27:17', '2019-03-03 03:27:17'),
(284, 44, 'Favian Nolan', 'Possimus veniam porro sapiente sequi labore harum quisquam. Enim omnis repudiandae error. Sequi dolores sit in architecto facilis dolor. Eos similique eos perspiciatis quis.', 4, '2019-03-03 03:27:17', '2019-03-03 03:27:17'),
(285, 13, 'Earl Reichel', 'Consectetur voluptatem saepe quos repellat dignissimos. Sunt adipisci iste deleniti nostrum. Reiciendis temporibus eum possimus in fuga voluptate ea. Ut dolorem sapiente perferendis a quod omnis quidem.', 3, '2019-03-03 03:27:17', '2019-03-03 03:27:17'),
(286, 11, 'Isaiah Collins', 'Ex omnis odio facilis qui. Culpa modi molestiae repellendus necessitatibus. Sint nihil culpa ut nemo odio qui et. Quam id maxime sequi minima molestiae neque exercitationem.', 3, '2019-03-03 03:27:17', '2019-03-03 03:27:17'),
(287, 65, 'Aylin Trantow DVM', 'Fuga voluptatem aut vel alias repellat molestiae. Est et fugiat aut molestiae vero earum tempore. Nihil modi earum voluptas.', 5, '2019-03-03 03:27:17', '2019-03-03 03:27:17'),
(288, 24, 'Miss Leilani Weissnat V', 'Placeat quam exercitationem ut et. Reiciendis magni omnis quam nobis vel eum dignissimos. Non deleniti omnis quo in numquam inventore.', 5, '2019-03-03 03:27:17', '2019-03-03 03:27:17'),
(289, 52, 'Jaime Denesik', 'Ut reiciendis necessitatibus omnis ad et et sunt. Et itaque sint rerum et. Perspiciatis nobis dolores laborum sed. Et explicabo fuga aut illo odio deleniti repellat pariatur. Eos aut culpa et culpa.', 0, '2019-03-03 03:27:17', '2019-03-03 03:27:17'),
(290, 70, 'Miss Dandre Wehner MD', 'Quaerat et voluptatibus repellat. Veritatis voluptatum natus sint quibusdam laborum quis ut. Libero quam quo sequi eius totam. Et repellat dolore magnam ipsum id.', 0, '2019-03-03 03:27:17', '2019-03-03 03:27:17'),
(291, 93, 'Prof. Lafayette Heaney', 'Et voluptatem totam dolorem vel id. Ipsam alias quidem enim molestiae sapiente. Sed laborum neque tempore aut.', 4, '2019-03-03 03:27:17', '2019-03-03 03:27:17'),
(292, 48, 'Sigurd Windler', 'Dolor minus porro quasi minima exercitationem mollitia. Nesciunt expedita provident et laborum. Ut qui saepe sapiente ipsa. Ea explicabo reiciendis autem.', 5, '2019-03-03 03:27:17', '2019-03-03 03:27:17'),
(293, 87, 'Prof. Billy Kling', 'Impedit beatae distinctio enim nihil laborum. Rerum praesentium perferendis nisi.', 1, '2019-03-03 03:27:17', '2019-03-03 03:27:17'),
(294, 27, 'Mr. Myles Hessel', 'Deserunt consequatur in doloremque sint ab. Veniam dolorem modi voluptas inventore temporibus. Voluptatem aut dolorum sint ut dolorem.', 5, '2019-03-03 03:27:17', '2019-03-03 03:27:17'),
(295, 60, 'Miss Zella Dach', 'Modi reprehenderit reiciendis amet suscipit. Qui molestiae expedita vitae ducimus consequatur aut. Commodi illum magnam blanditiis ut non inventore. Quos sunt commodi nobis officia ut et sint.', 2, '2019-03-03 03:27:17', '2019-03-03 03:27:17'),
(296, 19, 'Miss Allene McLaughlin Jr.', 'Iusto minus tempora harum aperiam. Et ipsum qui in enim quis. Voluptatem dolore occaecati incidunt quia inventore.', 4, '2019-03-03 03:27:17', '2019-03-03 03:27:17'),
(297, 31, 'Ayla Aufderhar', 'Vero voluptatem a reiciendis quia. Dolorum error et libero sint dolorem ex ipsum quos.', 5, '2019-03-03 03:27:17', '2019-03-03 03:27:17'),
(298, 5, 'Theodore Purdy', 'Qui ut facere exercitationem adipisci reprehenderit eveniet voluptate. Error est quibusdam voluptatem deleniti dignissimos maxime sunt. Quis sint rerum nihil delectus autem laudantium voluptas. Dicta voluptatem illum eaque quas ab adipisci.', 0, '2019-03-03 03:27:17', '2019-03-03 03:27:17'),
(299, 44, 'Emery Walsh', 'Illo quo laudantium aut quis provident sed. Doloribus reiciendis magnam et est ut et.', 4, '2019-03-03 03:27:17', '2019-03-03 03:27:17'),
(300, 76, 'Melvina Gutkowski', 'Corporis aperiam eaque eligendi quae doloribus. Iure veniam et fugit maiores repellendus est. Nemo repellendus rerum reiciendis consequatur.', 3, '2019-03-03 03:27:17', '2019-03-03 03:27:17');

-- --------------------------------------------------------

--
-- Estructura de tabla para la tabla `users`
--

CREATE TABLE `users` (
  `id` bigint(20) UNSIGNED NOT NULL,
  `name` varchar(191) COLLATE utf8mb4_unicode_ci NOT NULL,
  `email` varchar(191) COLLATE utf8mb4_unicode_ci NOT NULL,
  `email_verified_at` timestamp NULL DEFAULT NULL,
  `password` varchar(191) COLLATE utf8mb4_unicode_ci NOT NULL,
  `remember_token` varchar(100) COLLATE utf8mb4_unicode_ci DEFAULT NULL,
  `created_at` timestamp NULL DEFAULT NULL,
  `updated_at` timestamp NULL DEFAULT NULL
) ENGINE=InnoDB DEFAULT CHARSET=utf8mb4 COLLATE=utf8mb4_unicode_ci;

--
-- Índices para tablas volcadas
--

--
-- Indices de la tabla `migrations`
--
ALTER TABLE `migrations`
  ADD PRIMARY KEY (`id`);

--
-- Indices de la tabla `password_resets`
--
ALTER TABLE `password_resets`
  ADD KEY `password_resets_email_index` (`email`);

--
-- Indices de la tabla `products`
--
ALTER TABLE `products`
  ADD PRIMARY KEY (`id`);

--
-- Indices de la tabla `reviews`
--
ALTER TABLE `reviews`
  ADD PRIMARY KEY (`id`),
  ADD KEY `reviews_product_id_index` (`product_id`);

--
-- Indices de la tabla `users`
--
ALTER TABLE `users`
  ADD PRIMARY KEY (`id`),
  ADD UNIQUE KEY `users_email_unique` (`email`);

--
-- AUTO_INCREMENT de las tablas volcadas
--

--
-- AUTO_INCREMENT de la tabla `migrations`
--
ALTER TABLE `migrations`
  MODIFY `id` int(10) UNSIGNED NOT NULL AUTO_INCREMENT, AUTO_INCREMENT=5;

--
-- AUTO_INCREMENT de la tabla `products`
--
ALTER TABLE `products`
  MODIFY `id` int(10) UNSIGNED NOT NULL AUTO_INCREMENT, AUTO_INCREMENT=101;

--
-- AUTO_INCREMENT de la tabla `reviews`
--
ALTER TABLE `reviews`
  MODIFY `id` int(10) UNSIGNED NOT NULL AUTO_INCREMENT, AUTO_INCREMENT=301;

--
-- AUTO_INCREMENT de la tabla `users`
--
ALTER TABLE `users`
  MODIFY `id` bigint(20) UNSIGNED NOT NULL AUTO_INCREMENT;

--
-- Restricciones para tablas volcadas
--

--
-- Filtros para la tabla `reviews`
--
ALTER TABLE `reviews`
  ADD CONSTRAINT `reviews_product_id_foreign` FOREIGN KEY (`product_id`) REFERENCES `products` (`id`) ON DELETE CASCADE;
COMMIT;

/*!40101 SET CHARACTER_SET_CLIENT=@OLD_CHARACTER_SET_CLIENT */;
/*!40101 SET CHARACTER_SET_RESULTS=@OLD_CHARACTER_SET_RESULTS */;
/*!40101 SET COLLATION_CONNECTION=@OLD_COLLATION_CONNECTION */;
